experiment,family,add_model,conversation_idx,base_score,adjusted_score,penalty,qa_llm_score,memory_count,memory_token_count,coverage_floor_risk,qa_aware_floor_risk,answer_span_coverage,retrieval_empty_rate,selected_answer_coverage,feature_penalties_json
E0_v9_baseline,baseline,deepseek,0,0.8692,0.8692,0.0,,228,2693,False,,,,,{}
E1_memory_count_token,memory_only,deepseek,0,0.8692,0.8692,0.0,,228,2693,False,,,,,"{""memory_count_token"": 0.0}"
E2_exact_duplicate,memory_only,deepseek,0,0.8692,0.8692,0.0,,228,2693,False,,,,,"{""exact_duplicate"": 0.0}"
E3_near_duplicate_lexical,memory_only,deepseek,0,0.8692,0.8692,0.0,,228,2693,False,,,,,"{""near_duplicate_lexical"": 0.0}"
E4_entity_coverage,memory_only,deepseek,0,0.8692,0.8504,0.0188,,228,2693,False,,,,,"{""entity_coverage"": 0.018750000000000003}"
E5_keyword_coverage_tfidf,memory_only,deepseek,0,0.8692,0.8517,0.0175,,228,2693,False,,,,,"{""keyword_coverage_tfidf"": 0.017499999999999998}"
E6_pronoun_ambiguity,memory_only,deepseek,0,0.8692,0.8692,0.0,,228,2693,False,,,,,"{""pronoun_ambiguity"": 0.0}"
E7_answer_span_coverage,qa_aware,deepseek,0,0.8692,0.8692,0.0,,228,2693,False,,,,,"{""answer_span_coverage"": 0.0}"
E8_retrieval_failure,qa_aware,deepseek,0,0.8692,0.8692,0.0,,228,2693,False,,,,,"{""retrieval_failure"": 0.0}"
C1_memory_coverage_combo,memory_only,deepseek,0,0.8692,0.8329,0.0363,,228,2693,False,,,,,"{""entity_coverage"": 0.018750000000000003, ""keyword_coverage_tfidf"": 0.017499999999999998, ""memory_count_token"": 0.0}"
C2_efficiency_structure_combo,memory_only,deepseek,0,0.8692,0.8692,0.0,,228,2693,False,,,,,"{""exact_duplicate"": 0.0, ""near_duplicate_lexical"": 0.0, ""pronoun_ambiguity"": 0.0}"
C3_memory_only_all,memory_only,deepseek,0,0.8692,0.8329,0.0363,,228,2693,False,,,,,"{""entity_coverage"": 0.018750000000000003, ""exact_duplicate"": 0.0, ""keyword_coverage_tfidf"": 0.017499999999999998, ""memory_count_token"": 0.0, ""near_duplicate_lexical"": 0.0, ""pronoun_ambiguity"": 0.0}"
C4_qa_aware_all,qa_aware,deepseek,0,0.8692,0.8692,0.0,,228,2693,False,,,,,"{""answer_span_coverage"": 0.0, ""retrieval_failure"": 0.0}"
C5_all_features,combined,deepseek,0,0.8692,0.8329,0.0363,,228,2693,False,,,,,"{""answer_span_coverage"": 0.0, ""entity_coverage"": 0.018750000000000003, ""exact_duplicate"": 0.0, ""keyword_coverage_tfidf"": 0.017499999999999998, ""memory_count_token"": 0.0, ""near_duplicate_lexical"": 0.0, ""pronoun_ambiguity"": 0.0, ""retrieval_failure"": 0.0}"
E0_v9_baseline,baseline,deepseek,1,0.85,0.85,0.0,,173,2011,True,,,,,{}
E1_memory_count_token,memory_only,deepseek,1,0.85,0.8463,0.0037,,173,2011,True,,,,,"{""memory_count_token"": 0.0036742686017046766}"
E2_exact_duplicate,memory_only,deepseek,1,0.85,0.85,0.0,,173,2011,True,,,,,"{""exact_duplicate"": 0.0}"
E3_near_duplicate_lexical,memory_only,deepseek,1,0.85,0.85,0.0,,173,2011,True,,,,,"{""near_duplicate_lexical"": 0.0}"
E4_entity_coverage,memory_only,deepseek,1,0.85,0.8262,0.0238,,173,2011,True,,,,,"{""entity_coverage"": 0.02375}"
E5_keyword_coverage_tfidf,memory_only,deepseek,1,0.85,0.8319,0.0181,,173,2011,True,,,,,"{""keyword_coverage_tfidf"": 0.018125000000000002}"
E6_pronoun_ambiguity,memory_only,deepseek,1,0.85,0.85,0.0,,173,2011,True,,,,,"{""pronoun_ambiguity"": 0.0}"
E7_answer_span_coverage,qa_aware,deepseek,1,0.85,0.85,0.0,,173,2011,True,,,,,"{""answer_span_coverage"": 0.0}"
E8_retrieval_failure,qa_aware,deepseek,1,0.85,0.85,0.0,,173,2011,True,,,,,"{""retrieval_failure"": 0.0}"
C1_memory_coverage_combo,memory_only,deepseek,1,0.85,0.8045,0.0455,,173,2011,True,,,,,"{""entity_coverage"": 0.02375, ""keyword_coverage_tfidf"": 0.018125000000000002, ""memory_count_token"": 0.0036742686017046766}"
C2_efficiency_structure_combo,memory_only,deepseek,1,0.85,0.85,0.0,,173,2011,True,,,,,"{""exact_duplicate"": 0.0, ""near_duplicate_lexical"": 0.0, ""pronoun_ambiguity"": 0.0}"
C3_memory_only_all,memory_only,deepseek,1,0.85,0.8045,0.0455,,173,2011,True,,,,,"{""entity_coverage"": 0.02375, ""exact_duplicate"": 0.0, ""keyword_coverage_tfidf"": 0.018125000000000002, ""memory_count_token"": 0.0036742686017046766, ""near_duplicate_lexical"": 0.0, ""pronoun_ambiguity"": 0.0}"
C4_qa_aware_all,qa_aware,deepseek,1,0.85,0.85,0.0,,173,2011,True,,,,,"{""answer_span_coverage"": 0.0, ""retrieval_failure"": 0.0}"
C5_all_features,combined,deepseek,1,0.85,0.8045,0.0455,,173,2011,True,,,,,"{""answer_span_coverage"": 0.0, ""entity_coverage"": 0.02375, ""exact_duplicate"": 0.0, ""keyword_coverage_tfidf"": 0.018125000000000002, ""memory_count_token"": 0.0036742686017046766, ""near_duplicate_lexical"": 0.0, ""pronoun_ambiguity"": 0.0, ""retrieval_failure"": 0.0}"
E0_v9_baseline,baseline,deepseek,2,0.8846,0.8846,0.0,,336,3892,False,,,,,{}
E1_memory_count_token,memory_only,deepseek,2,0.8846,0.8846,0.0,,336,3892,False,,,,,"{""memory_count_token"": 0.0}"
E2_exact_duplicate,memory_only,deepseek,2,0.8846,0.8846,0.0,,336,3892,False,,,,,"{""exact_duplicate"": 0.0}"
E3_near_duplicate_lexical,memory_only,deepseek,2,0.8846,0.8846,0.0,,336,3892,False,,,,,"{""near_duplicate_lexical"": 0.0}"
E4_entity_coverage,memory_only,deepseek,2,0.8846,0.8671,0.0175,,336,3892,False,,,,,"{""entity_coverage"": 0.017499999999999998}"
E5_keyword_coverage_tfidf,memory_only,deepseek,2,0.8846,0.8684,0.0162,,336,3892,False,,,,,"{""keyword_coverage_tfidf"": 0.016249999999999997}"
E6_pronoun_ambiguity,memory_only,deepseek,2,0.8846,0.8846,0.0,,336,3892,False,,,,,"{""pronoun_ambiguity"": 0.0}"
E7_answer_span_coverage,qa_aware,deepseek,2,0.8846,0.8846,0.0,,336,3892,False,,,,,"{""answer_span_coverage"": 0.0}"
E8_retrieval_failure,qa_aware,deepseek,2,0.8846,0.8846,0.0,,336,3892,False,,,,,"{""retrieval_failure"": 0.0}"
C1_memory_coverage_combo,memory_only,deepseek,2,0.8846,0.8509,0.0337,,336,3892,False,,,,,"{""entity_coverage"": 0.017499999999999998, ""keyword_coverage_tfidf"": 0.016249999999999997, ""memory_count_token"": 0.0}"
C2_efficiency_structure_combo,memory_only,deepseek,2,0.8846,0.8846,0.0,,336,3892,False,,,,,"{""exact_duplicate"": 0.0, ""near_duplicate_lexical"": 0.0, ""pronoun_ambiguity"": 0.0}"
C3_memory_only_all,memory_only,deepseek,2,0.8846,0.8509,0.0337,,336,3892,False,,,,,"{""entity_coverage"": 0.017499999999999998, ""exact_duplicate"": 0.0, ""keyword_coverage_tfidf"": 0.016249999999999997, ""memory_count_token"": 0.0, ""near_duplicate_lexical"": 0.0, ""pronoun_ambiguity"": 0.0}"
C4_qa_aware_all,qa_aware,deepseek,2,0.8846,0.8846,0.0,,336,3892,False,,,,,"{""answer_span_coverage"": 0.0, ""retrieval_failure"": 0.0}"
C5_all_features,combined,deepseek,2,0.8846,0.8509,0.0337,,336,3892,False,,,,,"{""answer_span_coverage"": 0.0, ""entity_coverage"": 0.017499999999999998, ""exact_duplicate"": 0.0, ""keyword_coverage_tfidf"": 0.016249999999999997, ""memory_count_token"": 0.0, ""near_duplicate_lexical"": 0.0, ""pronoun_ambiguity"": 0.0, ""retrieval_failure"": 0.0}"
E0_v9_baseline,baseline,deepseek,3,0.8038,0.8038,0.0,,321,3907,False,,,,,{}
E1_memory_count_token,memory_only,deepseek,3,0.8038,0.8038,0.0,,321,3907,False,,,,,"{""memory_count_token"": 0.0}"
E2_exact_duplicate,memory_only,deepseek,3,0.8038,0.8038,0.0,,321,3907,False,,,,,"{""exact_duplicate"": 0.0}"
E3_near_duplicate_lexical,memory_only,deepseek,3,0.8038,0.8038,0.0,,321,3907,False,,,,,"{""near_duplicate_lexical"": 0.0}"
E4_entity_coverage,memory_only,deepseek,3,0.8038,0.7838,0.02,,321,3907,False,,,,,"{""entity_coverage"": 0.020000000000000004}"
E5_keyword_coverage_tfidf,memory_only,deepseek,3,0.8038,0.7894,0.0144,,321,3907,False,,,,,"{""keyword_coverage_tfidf"": 0.014374999999999999}"
E6_pronoun_ambiguity,memory_only,deepseek,3,0.8038,0.7991,0.0046,,321,3907,False,,,,,"{""pronoun_ambiguity"": 0.00465}"
E7_answer_span_coverage,qa_aware,deepseek,3,0.8038,0.8038,0.0,,321,3907,False,,,,,"{""answer_span_coverage"": 0.0}"
E8_retrieval_failure,qa_aware,deepseek,3,0.8038,0.8038,0.0,,321,3907,False,,,,,"{""retrieval_failure"": 0.0}"
C1_memory_coverage_combo,memory_only,deepseek,3,0.8038,0.7694,0.0344,,321,3907,False,,,,,"{""entity_coverage"": 0.020000000000000004, ""keyword_coverage_tfidf"": 0.014374999999999999, ""memory_count_token"": 0.0}"
C2_efficiency_structure_combo,memory_only,deepseek,3,0.8038,0.7991,0.0046,,321,3907,False,,,,,"{""exact_duplicate"": 0.0, ""near_duplicate_lexical"": 0.0, ""pronoun_ambiguity"": 0.00465}"
C3_memory_only_all,memory_only,deepseek,3,0.8038,0.7648,0.039,,321,3907,False,,,,,"{""entity_coverage"": 0.020000000000000004, ""exact_duplicate"": 0.0, ""keyword_coverage_tfidf"": 0.014374999999999999, ""memory_count_token"": 0.0, ""near_duplicate_lexical"": 0.0, ""pronoun_ambiguity"": 0.00465}"
C4_qa_aware_all,qa_aware,deepseek,3,0.8038,0.8038,0.0,,321,3907,False,,,,,"{""answer_span_coverage"": 0.0, ""retrieval_failure"": 0.0}"
C5_all_features,combined,deepseek,3,0.8038,0.7648,0.039,,321,3907,False,,,,,"{""answer_span_coverage"": 0.0, ""entity_coverage"": 0.020000000000000004, ""exact_duplicate"": 0.0, ""keyword_coverage_tfidf"": 0.014374999999999999, ""memory_count_token"": 0.0, ""near_duplicate_lexical"": 0.0, ""pronoun_ambiguity"": 0.00465, ""retrieval_failure"": 0.0}"
E0_v9_baseline,baseline,deepseek,4,0.8846,0.8846,0.0,,364,4108,False,,,,,{}
E1_memory_count_token,memory_only,deepseek,4,0.8846,0.8846,0.0,,364,4108,False,,,,,"{""memory_count_token"": 0.0}"
E2_exact_duplicate,memory_only,deepseek,4,0.8846,0.8846,0.0,,364,4108,False,,,,,"{""exact_duplicate"": 0.0}"
E3_near_duplicate_lexical,memory_only,deepseek,4,0.8846,0.8846,0.0,,364,4108,False,,,,,"{""near_duplicate_lexical"": 0.0}"
E4_entity_coverage,memory_only,deepseek,4,0.8846,0.8684,0.0162,,364,4108,False,,,,,"{""entity_coverage"": 0.016249999999999997}"
E5_keyword_coverage_tfidf,memory_only,deepseek,4,0.8846,0.8684,0.0162,,364,4108,False,,,,,"{""keyword_coverage_tfidf"": 0.016249999999999997}"
E6_pronoun_ambiguity,memory_only,deepseek,4,0.8846,0.8846,0.0,,364,4108,False,,,,,"{""pronoun_ambiguity"": 0.0}"
E7_answer_span_coverage,qa_aware,deepseek,4,0.8846,0.8846,0.0,,364,4108,False,,,,,"{""answer_span_coverage"": 0.0}"
E8_retrieval_failure,qa_aware,deepseek,4,0.8846,0.8846,0.0,,364,4108,False,,,,,"{""retrieval_failure"": 0.0}"
C1_memory_coverage_combo,memory_only,deepseek,4,0.8846,0.8521,0.0325,,364,4108,False,,,,,"{""entity_coverage"": 0.016249999999999997, ""keyword_coverage_tfidf"": 0.016249999999999997, ""memory_count_token"": 0.0}"
C2_efficiency_structure_combo,memory_only,deepseek,4,0.8846,0.8846,0.0,,364,4108,False,,,,,"{""exact_duplicate"": 0.0, ""near_duplicate_lexical"": 0.0, ""pronoun_ambiguity"": 0.0}"
C3_memory_only_all,memory_only,deepseek,4,0.8846,0.8521,0.0325,,364,4108,False,,,,,"{""entity_coverage"": 0.016249999999999997, ""exact_duplicate"": 0.0, ""keyword_coverage_tfidf"": 0.016249999999999997, ""memory_count_token"": 0.0, ""near_duplicate_lexical"": 0.0, ""pronoun_ambiguity"": 0.0}"
C4_qa_aware_all,qa_aware,deepseek,4,0.8846,0.8846,0.0,,364,4108,False,,,,,"{""answer_span_coverage"": 0.0, ""retrieval_failure"": 0.0}"
C5_all_features,combined,deepseek,4,0.8846,0.8521,0.0325,,364,4108,False,,,,,"{""answer_span_coverage"": 0.0, ""entity_coverage"": 0.016249999999999997, ""exact_duplicate"": 0.0, ""keyword_coverage_tfidf"": 0.016249999999999997, ""memory_count_token"": 0.0, ""near_duplicate_lexical"": 0.0, ""pronoun_ambiguity"": 0.0, ""retrieval_failure"": 0.0}"
E0_v9_baseline,baseline,deepseek,5,0.8885,0.8885,0.0,,282,3513,False,,,,,{}
E1_memory_count_token,memory_only,deepseek,5,0.8885,0.8885,0.0,,282,3513,False,,,,,"{""memory_count_token"": 0.0}"
E2_exact_duplicate,memory_only,deepseek,5,0.8885,0.8885,0.0,,282,3513,False,,,,,"{""exact_duplicate"": 0.0}"
E3_near_duplicate_lexical,memory_only,deepseek,5,0.8885,0.8885,0.0,,282,3513,False,,,,,"{""near_duplicate_lexical"": 0.0}"
E4_entity_coverage,memory_only,deepseek,5,0.8885,0.8672,0.0213,,282,3513,False,,,,,"{""entity_coverage"": 0.021250000000000005}"
E5_keyword_coverage_tfidf,memory_only,deepseek,5,0.8885,0.8697,0.0188,,282,3513,False,,,,,"{""keyword_coverage_tfidf"": 0.018750000000000003}"
E6_pronoun_ambiguity,memory_only,deepseek,5,0.8885,0.8867,0.0018,,282,3513,False,,,,,"{""pronoun_ambiguity"": 0.00175}"
E7_answer_span_coverage,qa_aware,deepseek,5,0.8885,0.8885,0.0,,282,3513,False,,,,,"{""answer_span_coverage"": 0.0}"
E8_retrieval_failure,qa_aware,deepseek,5,0.8885,0.8885,0.0,,282,3513,False,,,,,"{""retrieval_failure"": 0.0}"
C1_memory_coverage_combo,memory_only,deepseek,5,0.8885,0.8485,0.04,,282,3513,False,,,,,"{""entity_coverage"": 0.021250000000000005, ""keyword_coverage_tfidf"": 0.018750000000000003, ""memory_count_token"": 0.0}"
C2_efficiency_structure_combo,memory_only,deepseek,5,0.8885,0.8867,0.0018,,282,3513,False,,,,,"{""exact_duplicate"": 0.0, ""near_duplicate_lexical"": 0.0, ""pronoun_ambiguity"": 0.00175}"
C3_memory_only_all,memory_only,deepseek,5,0.8885,0.8467,0.0418,,282,3513,False,,,,,"{""entity_coverage"": 0.021250000000000005, ""exact_duplicate"": 0.0, ""keyword_coverage_tfidf"": 0.018750000000000003, ""memory_count_token"": 0.0, ""near_duplicate_lexical"": 0.0, ""pronoun_ambiguity"": 0.00175}"
C4_qa_aware_all,qa_aware,deepseek,5,0.8885,0.8885,0.0,,282,3513,False,,,,,"{""answer_span_coverage"": 0.0, ""retrieval_failure"": 0.0}"
C5_all_features,combined,deepseek,5,0.8885,0.8467,0.0418,,282,3513,False,,,,,"{""answer_span_coverage"": 0.0, ""entity_coverage"": 0.021250000000000005, ""exact_duplicate"": 0.0, ""keyword_coverage_tfidf"": 0.018750000000000003, ""memory_count_token"": 0.0, ""near_duplicate_lexical"": 0.0, ""pronoun_ambiguity"": 0.00175, ""retrieval_failure"": 0.0}"
E0_v9_baseline,baseline,deepseek,6,0.8346,0.8346,0.0,,390,4450,False,,,,,{}
E1_memory_count_token,memory_only,deepseek,6,0.8346,0.8346,0.0,,390,4450,False,,,,,"{""memory_count_token"": 0.0}"
E2_exact_duplicate,memory_only,deepseek,6,0.8346,0.8346,0.0,,390,4450,False,,,,,"{""exact_duplicate"": 0.0}"
E3_near_duplicate_lexical,memory_only,deepseek,6,0.8346,0.8346,0.0,,390,4450,False,,,,,"{""near_duplicate_lexical"": 0.0}"
E4_entity_coverage,memory_only,deepseek,6,0.8346,0.8158,0.0188,,390,4450,False,,,,,"{""entity_coverage"": 0.018750000000000003}"
E5_keyword_coverage_tfidf,memory_only,deepseek,6,0.8346,0.8184,0.0162,,390,4450,False,,,,,"{""keyword_coverage_tfidf"": 0.016249999999999997}"
E6_pronoun_ambiguity,memory_only,deepseek,6,0.8346,0.8346,0.0,,390,4450,False,,,,,"{""pronoun_ambiguity"": 0.0}"
E7_answer_span_coverage,qa_aware,deepseek,6,0.8346,0.8346,0.0,,390,4450,False,,,,,"{""answer_span_coverage"": 0.0}"
E8_retrieval_failure,qa_aware,deepseek,6,0.8346,0.8346,0.0,,390,4450,False,,,,,"{""retrieval_failure"": 0.0}"
C1_memory_coverage_combo,memory_only,deepseek,6,0.8346,0.7996,0.035,,390,4450,False,,,,,"{""entity_coverage"": 0.018750000000000003, ""keyword_coverage_tfidf"": 0.016249999999999997, ""memory_count_token"": 0.0}"
C2_efficiency_structure_combo,memory_only,deepseek,6,0.8346,0.8346,0.0,,390,4450,False,,,,,"{""exact_duplicate"": 0.0, ""near_duplicate_lexical"": 0.0, ""pronoun_ambiguity"": 0.0}"
C3_memory_only_all,memory_only,deepseek,6,0.8346,0.7996,0.035,,390,4450,False,,,,,"{""entity_coverage"": 0.018750000000000003, ""exact_duplicate"": 0.0, ""keyword_coverage_tfidf"": 0.016249999999999997, ""memory_count_token"": 0.0, ""near_duplicate_lexical"": 0.0, ""pronoun_ambiguity"": 0.0}"
C4_qa_aware_all,qa_aware,deepseek,6,0.8346,0.8346,0.0,,390,4450,False,,,,,"{""answer_span_coverage"": 0.0, ""retrieval_failure"": 0.0}"
C5_all_features,combined,deepseek,6,0.8346,0.7996,0.035,,390,4450,False,,,,,"{""answer_span_coverage"": 0.0, ""entity_coverage"": 0.018750000000000003, ""exact_duplicate"": 0.0, ""keyword_coverage_tfidf"": 0.016249999999999997, ""memory_count_token"": 0.0, ""near_duplicate_lexical"": 0.0, ""pronoun_ambiguity"": 0.0, ""retrieval_failure"": 0.0}"
E0_v9_baseline,baseline,deepseek,7,0.8846,0.8846,0.0,,326,4257,False,,,,,{}
E1_memory_count_token,memory_only,deepseek,7,0.8846,0.8846,0.0,,326,4257,False,,,,,"{""memory_count_token"": 0.0}"
E2_exact_duplicate,memory_only,deepseek,7,0.8846,0.8846,0.0,,326,4257,False,,,,,"{""exact_duplicate"": 0.0}"
E3_near_duplicate_lexical,memory_only,deepseek,7,0.8846,0.8846,0.0,,326,4257,False,,,,,"{""near_duplicate_lexical"": 0.0}"
E4_entity_coverage,memory_only,deepseek,7,0.8846,0.8696,0.015,,326,4257,False,,,,,"{""entity_coverage"": 0.015000000000000003}"
E5_keyword_coverage_tfidf,memory_only,deepseek,7,0.8846,0.8659,0.0188,,326,4257,False,,,,,"{""keyword_coverage_tfidf"": 0.018750000000000003}"
E6_pronoun_ambiguity,memory_only,deepseek,7,0.8846,0.8831,0.0015,,326,4257,False,,,,,"{""pronoun_ambiguity"": 0.00155}"
E7_answer_span_coverage,qa_aware,deepseek,7,0.8846,0.8846,0.0,,326,4257,False,,,,,"{""answer_span_coverage"": 0.0}"
E8_retrieval_failure,qa_aware,deepseek,7,0.8846,0.8846,0.0,,326,4257,False,,,,,"{""retrieval_failure"": 0.0}"
C1_memory_coverage_combo,memory_only,deepseek,7,0.8846,0.8509,0.0338,,326,4257,False,,,,,"{""entity_coverage"": 0.015000000000000003, ""keyword_coverage_tfidf"": 0.018750000000000003, ""memory_count_token"": 0.0}"
C2_efficiency_structure_combo,memory_only,deepseek,7,0.8846,0.8831,0.0015,,326,4257,False,,,,,"{""exact_duplicate"": 0.0, ""near_duplicate_lexical"": 0.0, ""pronoun_ambiguity"": 0.00155}"
C3_memory_only_all,memory_only,deepseek,7,0.8846,0.8493,0.0353,,326,4257,False,,,,,"{""entity_coverage"": 0.015000000000000003, ""exact_duplicate"": 0.0, ""keyword_coverage_tfidf"": 0.018750000000000003, ""memory_count_token"": 0.0, ""near_duplicate_lexical"": 0.0, ""pronoun_ambiguity"": 0.00155}"
C4_qa_aware_all,qa_aware,deepseek,7,0.8846,0.8846,0.0,,326,4257,False,,,,,"{""answer_span_coverage"": 0.0, ""retrieval_failure"": 0.0}"
C5_all_features,combined,deepseek,7,0.8846,0.8493,0.0353,,326,4257,False,,,,,"{""answer_span_coverage"": 0.0, ""entity_coverage"": 0.015000000000000003, ""exact_duplicate"": 0.0, ""keyword_coverage_tfidf"": 0.018750000000000003, ""memory_count_token"": 0.0, ""near_duplicate_lexical"": 0.0, ""pronoun_ambiguity"": 0.00155, ""retrieval_failure"": 0.0}"
E0_v9_baseline,baseline,deepseek,8,0.8154,0.8154,0.0,,233,2760,False,,,,,{}
E1_memory_count_token,memory_only,deepseek,8,0.8154,0.8154,0.0,,233,2760,False,,,,,"{""memory_count_token"": 0.0}"
E2_exact_duplicate,memory_only,deepseek,8,0.8154,0.8154,0.0,,233,2760,False,,,,,"{""exact_duplicate"": 0.0}"
E3_near_duplicate_lexical,memory_only,deepseek,8,0.8154,0.8154,0.0,,233,2760,False,,,,,"{""near_duplicate_lexical"": 0.0}"
E4_entity_coverage,memory_only,deepseek,8,0.8154,0.7954,0.02,,233,2760,False,,,,,"{""entity_coverage"": 0.020000000000000004}"
E5_keyword_coverage_tfidf,memory_only,deepseek,8,0.8154,0.7942,0.0213,,233,2760,False,,,,,"{""keyword_coverage_tfidf"": 0.021250000000000005}"
E6_pronoun_ambiguity,memory_only,deepseek,8,0.8154,0.8154,0.0,,233,2760,False,,,,,"{""pronoun_ambiguity"": 0.0}"
E7_answer_span_coverage,qa_aware,deepseek,8,0.8154,0.8154,0.0,,233,2760,False,,,,,"{""answer_span_coverage"": 0.0}"
E8_retrieval_failure,qa_aware,deepseek,8,0.8154,0.8154,0.0,,233,2760,False,,,,,"{""retrieval_failure"": 0.0}"
C1_memory_coverage_combo,memory_only,deepseek,8,0.8154,0.7742,0.0413,,233,2760,False,,,,,"{""entity_coverage"": 0.020000000000000004, ""keyword_coverage_tfidf"": 0.021250000000000005, ""memory_count_token"": 0.0}"
C2_efficiency_structure_combo,memory_only,deepseek,8,0.8154,0.8154,0.0,,233,2760,False,,,,,"{""exact_duplicate"": 0.0, ""near_duplicate_lexical"": 0.0, ""pronoun_ambiguity"": 0.0}"
C3_memory_only_all,memory_only,deepseek,8,0.8154,0.7742,0.0413,,233,2760,False,,,,,"{""entity_coverage"": 0.020000000000000004, ""exact_duplicate"": 0.0, ""keyword_coverage_tfidf"": 0.021250000000000005, ""memory_count_token"": 0.0, ""near_duplicate_lexical"": 0.0, ""pronoun_ambiguity"": 0.0}"
C4_qa_aware_all,qa_aware,deepseek,8,0.8154,0.8154,0.0,,233,2760,False,,,,,"{""answer_span_coverage"": 0.0, ""retrieval_failure"": 0.0}"
C5_all_features,combined,deepseek,8,0.8154,0.7742,0.0413,,233,2760,False,,,,,"{""answer_span_coverage"": 0.0, ""entity_coverage"": 0.020000000000000004, ""exact_duplicate"": 0.0, ""keyword_coverage_tfidf"": 0.021250000000000005, ""memory_count_token"": 0.0, ""near_duplicate_lexical"": 0.0, ""pronoun_ambiguity"": 0.0, ""retrieval_failure"": 0.0}"
E0_v9_baseline,baseline,deepseek,9,0.8192,0.8192,0.0,,309,3535,False,,,,,{}
E1_memory_count_token,memory_only,deepseek,9,0.8192,0.8192,0.0,,309,3535,False,,,,,"{""memory_count_token"": 0.0}"
E2_exact_duplicate,memory_only,deepseek,9,0.8192,0.8192,0.0,,309,3535,False,,,,,"{""exact_duplicate"": 0.0}"
E3_near_duplicate_lexical,memory_only,deepseek,9,0.8192,0.8192,0.0,,309,3535,False,,,,,"{""near_duplicate_lexical"": 0.0}"
E4_entity_coverage,memory_only,deepseek,9,0.8192,0.803,0.0162,,309,3535,False,,,,,"{""entity_coverage"": 0.016249999999999997}"
E5_keyword_coverage_tfidf,memory_only,deepseek,9,0.8192,0.8042,0.015,,309,3535,False,,,,,"{""keyword_coverage_tfidf"": 0.015000000000000003}"
E6_pronoun_ambiguity,memory_only,deepseek,9,0.8192,0.8192,0.0,,309,3535,False,,,,,"{""pronoun_ambiguity"": 0.0}"
E7_answer_span_coverage,qa_aware,deepseek,9,0.8192,0.8192,0.0,,309,3535,False,,,,,"{""answer_span_coverage"": 0.0}"
E8_retrieval_failure,qa_aware,deepseek,9,0.8192,0.8192,0.0,,309,3535,False,,,,,"{""retrieval_failure"": 0.0}"
C1_memory_coverage_combo,memory_only,deepseek,9,0.8192,0.788,0.0312,,309,3535,False,,,,,"{""entity_coverage"": 0.016249999999999997, ""keyword_coverage_tfidf"": 0.015000000000000003, ""memory_count_token"": 0.0}"
C2_efficiency_structure_combo,memory_only,deepseek,9,0.8192,0.8192,0.0,,309,3535,False,,,,,"{""exact_duplicate"": 0.0, ""near_duplicate_lexical"": 0.0, ""pronoun_ambiguity"": 0.0}"
C3_memory_only_all,memory_only,deepseek,9,0.8192,0.788,0.0312,,309,3535,False,,,,,"{""entity_coverage"": 0.016249999999999997, ""exact_duplicate"": 0.0, ""keyword_coverage_tfidf"": 0.015000000000000003, ""memory_count_token"": 0.0, ""near_duplicate_lexical"": 0.0, ""pronoun_ambiguity"": 0.0}"
C4_qa_aware_all,qa_aware,deepseek,9,0.8192,0.8192,0.0,,309,3535,False,,,,,"{""answer_span_coverage"": 0.0, ""retrieval_failure"": 0.0}"
C5_all_features,combined,deepseek,9,0.8192,0.788,0.0312,,309,3535,False,,,,,"{""answer_span_coverage"": 0.0, ""entity_coverage"": 0.016249999999999997, ""exact_duplicate"": 0.0, ""keyword_coverage_tfidf"": 0.015000000000000003, ""memory_count_token"": 0.0, ""near_duplicate_lexical"": 0.0, ""pronoun_ambiguity"": 0.0, ""retrieval_failure"": 0.0}"
E0_v9_baseline,baseline,gemini,0,0.8731,0.8731,0.0,0.558,149,1750,True,True,0.3986,0.1232,0.2826,{}
E1_memory_count_token,memory_only,gemini,0,0.8731,0.8634,0.0097,0.558,149,1750,True,True,0.3986,0.1232,0.2826,"{""memory_count_token"": 0.009686708131766876}"
E2_exact_duplicate,memory_only,gemini,0,0.8731,0.8731,0.0,0.558,149,1750,True,True,0.3986,0.1232,0.2826,"{""exact_duplicate"": 0.0}"
E3_near_duplicate_lexical,memory_only,gemini,0,0.8731,0.8731,0.0,0.558,149,1750,True,True,0.3986,0.1232,0.2826,"{""near_duplicate_lexical"": 0.0}"
E4_entity_coverage,memory_only,gemini,0,0.8731,0.8468,0.0263,0.558,149,1750,True,True,0.3986,0.1232,0.2826,"{""entity_coverage"": 0.026250000000000002}"
E5_keyword_coverage_tfidf,memory_only,gemini,0,0.8731,0.8462,0.0269,0.558,149,1750,True,True,0.3986,0.1232,0.2826,"{""keyword_coverage_tfidf"": 0.026875}"
E6_pronoun_ambiguity,memory_only,gemini,0,0.8731,0.8731,0.0,0.558,149,1750,True,True,0.3986,0.1232,0.2826,"{""pronoun_ambiguity"": 0.0}"
E7_answer_span_coverage,qa_aware,gemini,0,0.8731,0.843,0.0301,0.558,149,1750,True,True,0.3986,0.1232,0.2826,"{""answer_span_coverage"": 0.03007}"
E8_retrieval_failure,qa_aware,gemini,0,0.8731,0.8231,0.05,0.558,149,1750,True,True,0.3986,0.1232,0.2826,"{""retrieval_failure"": 0.05}"
C1_memory_coverage_combo,memory_only,gemini,0,0.8731,0.8103,0.0628,0.558,149,1750,True,True,0.3986,0.1232,0.2826,"{""entity_coverage"": 0.026250000000000002, ""keyword_coverage_tfidf"": 0.026875, ""memory_count_token"": 0.009686708131766876}"
C2_efficiency_structure_combo,memory_only,gemini,0,0.8731,0.8731,0.0,0.558,149,1750,True,True,0.3986,0.1232,0.2826,"{""exact_duplicate"": 0.0, ""near_duplicate_lexical"": 0.0, ""pronoun_ambiguity"": 0.0}"
C3_memory_only_all,memory_only,gemini,0,0.8731,0.8103,0.0628,0.558,149,1750,True,True,0.3986,0.1232,0.2826,"{""entity_coverage"": 0.026250000000000002, ""exact_duplicate"": 0.0, ""keyword_coverage_tfidf"": 0.026875, ""memory_count_token"": 0.009686708131766876, ""near_duplicate_lexical"": 0.0, ""pronoun_ambiguity"": 0.0}"
C4_qa_aware_all,qa_aware,gemini,0,0.8731,0.793,0.0801,0.558,149,1750,True,True,0.3986,0.1232,0.2826,"{""answer_span_coverage"": 0.03007, ""retrieval_failure"": 0.05}"
C5_all_features,combined,gemini,0,0.8731,0.7302,0.1429,0.558,149,1750,True,True,0.3986,0.1232,0.2826,"{""answer_span_coverage"": 0.03007, ""entity_coverage"": 0.026250000000000002, ""exact_duplicate"": 0.0, ""keyword_coverage_tfidf"": 0.026875, ""memory_count_token"": 0.009686708131766876, ""near_duplicate_lexical"": 0.0, ""pronoun_ambiguity"": 0.0, ""retrieval_failure"": 0.05}"
E0_v9_baseline,baseline,gemini,1,0.9769,0.9769,0.0,0.3889,103,1161,True,True,0.2917,0.1528,0.25,{}
E1_memory_count_token,memory_only,gemini,1,0.9769,0.9536,0.0233,0.3889,103,1161,True,True,0.2917,0.1528,0.25,"{""memory_count_token"": 0.023255010366275055}"
E2_exact_duplicate,memory_only,gemini,1,0.9769,0.9769,0.0,0.3889,103,1161,True,True,0.2917,0.1528,0.25,"{""exact_duplicate"": 0.0}"
E3_near_duplicate_lexical,memory_only,gemini,1,0.9769,0.9769,0.0,0.3889,103,1161,True,True,0.2917,0.1528,0.25,"{""near_duplicate_lexical"": 0.0}"
E4_entity_coverage,memory_only,gemini,1,0.9769,0.9469,0.03,0.3889,103,1161,True,True,0.2917,0.1528,0.25,"{""entity_coverage"": 0.03}"
E5_keyword_coverage_tfidf,memory_only,gemini,1,0.9769,0.945,0.0319,0.3889,103,1161,True,True,0.2917,0.1528,0.25,"{""keyword_coverage_tfidf"": 0.031875}"
E6_pronoun_ambiguity,memory_only,gemini,1,0.9769,0.9769,0.0,0.3889,103,1161,True,True,0.2917,0.1528,0.25,"{""pronoun_ambiguity"": 0.0}"
E7_answer_span_coverage,qa_aware,gemini,1,0.9769,0.9415,0.0354,0.3889,103,1161,True,True,0.2917,0.1528,0.25,"{""answer_span_coverage"": 0.035414999999999995}"
E8_retrieval_failure,qa_aware,gemini,1,0.9769,0.9269,0.05,0.3889,103,1161,True,True,0.2917,0.1528,0.25,"{""retrieval_failure"": 0.05}"
C1_memory_coverage_combo,memory_only,gemini,1,0.9769,0.8918,0.0851,0.3889,103,1161,True,True,0.2917,0.1528,0.25,"{""entity_coverage"": 0.03, ""keyword_coverage_tfidf"": 0.031875, ""memory_count_token"": 0.023255010366275055}"
C2_efficiency_structure_combo,memory_only,gemini,1,0.9769,0.9769,0.0,0.3889,103,1161,True,True,0.2917,0.1528,0.25,"{""exact_duplicate"": 0.0, ""near_duplicate_lexical"": 0.0, ""pronoun_ambiguity"": 0.0}"
C3_memory_only_all,memory_only,gemini,1,0.9769,0.8918,0.0851,0.3889,103,1161,True,True,0.2917,0.1528,0.25,"{""entity_coverage"": 0.03, ""exact_duplicate"": 0.0, ""keyword_coverage_tfidf"": 0.031875, ""memory_count_token"": 0.023255010366275055, ""near_duplicate_lexical"": 0.0, ""pronoun_ambiguity"": 0.0}"
C4_qa_aware_all,qa_aware,gemini,1,0.9769,0.8915,0.0854,0.3889,103,1161,True,True,0.2917,0.1528,0.25,"{""answer_span_coverage"": 0.035414999999999995, ""retrieval_failure"": 0.05}"
C5_all_features,combined,gemini,1,0.9769,0.8269,0.15,0.3889,103,1161,True,True,0.2917,0.1528,0.25,"{""answer_span_coverage"": 0.035414999999999995, ""entity_coverage"": 0.03, ""exact_duplicate"": 0.0, ""keyword_coverage_tfidf"": 0.031875, ""memory_count_token"": 0.023255010366275055, ""near_duplicate_lexical"": 0.0, ""pronoun_ambiguity"": 0.0, ""retrieval_failure"": 0.05}"
E0_v9_baseline,baseline,gemini,2,0.8115,0.8115,0.0,0.6471,302,3717,False,False,0.6103,0.0588,0.4853,{}
E1_memory_count_token,memory_only,gemini,2,0.8115,0.8115,0.0,0.6471,302,3717,False,False,0.6103,0.0588,0.4853,"{""memory_count_token"": 0.0}"
E2_exact_duplicate,memory_only,gemini,2,0.8115,0.8115,0.0,0.6471,302,3717,False,False,0.6103,0.0588,0.4853,"{""exact_duplicate"": 0.0}"
E3_near_duplicate_lexical,memory_only,gemini,2,0.8115,0.8102,0.0013,0.6471,302,3717,False,False,0.6103,0.0588,0.4853,"{""near_duplicate_lexical"": 0.00132}"
E4_entity_coverage,memory_only,gemini,2,0.8115,0.7865,0.025,0.6471,302,3717,False,False,0.6103,0.0588,0.4853,"{""entity_coverage"": 0.025}"
E5_keyword_coverage_tfidf,memory_only,gemini,2,0.8115,0.7853,0.0263,0.6471,302,3717,False,False,0.6103,0.0588,0.4853,"{""keyword_coverage_tfidf"": 0.026250000000000002}"
E6_pronoun_ambiguity,memory_only,gemini,2,0.8115,0.8115,0.0,0.6471,302,3717,False,False,0.6103,0.0588,0.4853,"{""pronoun_ambiguity"": 0.0}"
E7_answer_span_coverage,qa_aware,gemini,2,0.8115,0.792,0.0195,0.6471,302,3717,False,False,0.6103,0.0588,0.4853,"{""answer_span_coverage"": 0.019485000000000002}"
E8_retrieval_failure,qa_aware,gemini,2,0.8115,0.7762,0.0353,0.6471,302,3717,False,False,0.6103,0.0588,0.4853,"{""retrieval_failure"": 0.03529}"
C1_memory_coverage_combo,memory_only,gemini,2,0.8115,0.7602,0.0513,0.6471,302,3717,False,False,0.6103,0.0588,0.4853,"{""entity_coverage"": 0.025, ""keyword_coverage_tfidf"": 0.026250000000000002, ""memory_count_token"": 0.0}"
C2_efficiency_structure_combo,memory_only,gemini,2,0.8115,0.8102,0.0013,0.6471,302,3717,False,False,0.6103,0.0588,0.4853,"{""exact_duplicate"": 0.0, ""near_duplicate_lexical"": 0.00132, ""pronoun_ambiguity"": 0.0}"
C3_memory_only_all,memory_only,gemini,2,0.8115,0.7589,0.0526,0.6471,302,3717,False,False,0.6103,0.0588,0.4853,"{""entity_coverage"": 0.025, ""exact_duplicate"": 0.0, ""keyword_coverage_tfidf"": 0.026250000000000002, ""memory_count_token"": 0.0, ""near_duplicate_lexical"": 0.00132, ""pronoun_ambiguity"": 0.0}"
C4_qa_aware_all,qa_aware,gemini,2,0.8115,0.7567,0.0548,0.6471,302,3717,False,False,0.6103,0.0588,0.4853,"{""answer_span_coverage"": 0.019485000000000002, ""retrieval_failure"": 0.03529}"
C5_all_features,combined,gemini,2,0.8115,0.7042,0.1073,0.6471,302,3717,False,False,0.6103,0.0588,0.4853,"{""answer_span_coverage"": 0.019485000000000002, ""entity_coverage"": 0.025, ""exact_duplicate"": 0.0, ""keyword_coverage_tfidf"": 0.026250000000000002, ""memory_count_token"": 0.0, ""near_duplicate_lexical"": 0.00132, ""pronoun_ambiguity"": 0.0, ""retrieval_failure"": 0.03529}"
E0_v9_baseline,baseline,gemini,3,0.8808,0.8808,0.0,0.5531,201,2474,False,False,0.5587,0.0615,0.419,{}
E1_memory_count_token,memory_only,gemini,3,0.8808,0.8808,0.0,0.5531,201,2474,False,False,0.5587,0.0615,0.419,"{""memory_count_token"": 0.0}"
E2_exact_duplicate,memory_only,gemini,3,0.8808,0.8808,0.0,0.5531,201,2474,False,False,0.5587,0.0615,0.419,"{""exact_duplicate"": 0.0}"
E3_near_duplicate_lexical,memory_only,gemini,3,0.8808,0.8808,0.0,0.5531,201,2474,False,False,0.5587,0.0615,0.419,"{""near_duplicate_lexical"": 0.0}"
E4_entity_coverage,memory_only,gemini,3,0.8808,0.852,0.0287,0.5531,201,2474,False,False,0.5587,0.0615,0.419,"{""entity_coverage"": 0.028749999999999998}"
E5_keyword_coverage_tfidf,memory_only,gemini,3,0.8808,0.857,0.0238,0.5531,201,2474,False,False,0.5587,0.0615,0.419,"{""keyword_coverage_tfidf"": 0.02375}"
E6_pronoun_ambiguity,memory_only,gemini,3,0.8808,0.8808,0.0,0.5531,201,2474,False,False,0.5587,0.0615,0.419,"{""pronoun_ambiguity"": 0.0}"
E7_answer_span_coverage,qa_aware,gemini,3,0.8808,0.8587,0.0221,0.5531,201,2474,False,False,0.5587,0.0615,0.419,"{""answer_span_coverage"": 0.022065}"
E8_retrieval_failure,qa_aware,gemini,3,0.8808,0.8417,0.0391,0.5531,201,2474,False,False,0.5587,0.0615,0.419,"{""retrieval_failure"": 0.039115000000000004}"
C1_memory_coverage_combo,memory_only,gemini,3,0.8808,0.8283,0.0525,0.5531,201,2474,False,False,0.5587,0.0615,0.419,"{""entity_coverage"": 0.028749999999999998, ""keyword_coverage_tfidf"": 0.02375, ""memory_count_token"": 0.0}"
C2_efficiency_structure_combo,memory_only,gemini,3,0.8808,0.8808,0.0,0.5531,201,2474,False,False,0.5587,0.0615,0.419,"{""exact_duplicate"": 0.0, ""near_duplicate_lexical"": 0.0, ""pronoun_ambiguity"": 0.0}"
C3_memory_only_all,memory_only,gemini,3,0.8808,0.8283,0.0525,0.5531,201,2474,False,False,0.5587,0.0615,0.419,"{""entity_coverage"": 0.028749999999999998, ""exact_duplicate"": 0.0, ""keyword_coverage_tfidf"": 0.02375, ""memory_count_token"": 0.0, ""near_duplicate_lexical"": 0.0, ""pronoun_ambiguity"": 0.0}"
C4_qa_aware_all,qa_aware,gemini,3,0.8808,0.8196,0.0612,0.5531,201,2474,False,False,0.5587,0.0615,0.419,"{""answer_span_coverage"": 0.022065, ""retrieval_failure"": 0.039115000000000004}"
C5_all_features,combined,gemini,3,0.8808,0.7671,0.1137,0.5531,201,2474,False,False,0.5587,0.0615,0.419,"{""answer_span_coverage"": 0.022065, ""entity_coverage"": 0.028749999999999998, ""exact_duplicate"": 0.0, ""keyword_coverage_tfidf"": 0.02375, ""memory_count_token"": 0.0, ""near_duplicate_lexical"": 0.0, ""pronoun_ambiguity"": 0.0, ""retrieval_failure"": 0.039115000000000004}"
E0_v9_baseline,baseline,gemini,4,0.8962,0.8962,0.0,0.5185,219,2418,False,False,0.5247,0.0617,0.4074,{}
E1_memory_count_token,memory_only,gemini,4,0.8962,0.8962,0.0,0.5185,219,2418,False,False,0.5247,0.0617,0.4074,"{""memory_count_token"": 0.0}"
E2_exact_duplicate,memory_only,gemini,4,0.8962,0.8962,0.0,0.5185,219,2418,False,False,0.5247,0.0617,0.4074,"{""exact_duplicate"": 0.0}"
E3_near_duplicate_lexical,memory_only,gemini,4,0.8962,0.8962,0.0,0.5185,219,2418,False,False,0.5247,0.0617,0.4074,"{""near_duplicate_lexical"": 0.0}"
E4_entity_coverage,memory_only,gemini,4,0.8962,0.8662,0.03,0.5185,219,2418,False,False,0.5247,0.0617,0.4074,"{""entity_coverage"": 0.03}"
E5_keyword_coverage_tfidf,memory_only,gemini,4,0.8962,0.8675,0.0287,0.5185,219,2418,False,False,0.5247,0.0617,0.4074,"{""keyword_coverage_tfidf"": 0.028749999999999998}"
E6_pronoun_ambiguity,memory_only,gemini,4,0.8962,0.8962,0.0,0.5185,219,2418,False,False,0.5247,0.0617,0.4074,"{""pronoun_ambiguity"": 0.0}"
E7_answer_span_coverage,qa_aware,gemini,4,0.8962,0.8724,0.0238,0.5185,219,2418,False,False,0.5247,0.0617,0.4074,"{""answer_span_coverage"": 0.023764999999999998}"
E8_retrieval_failure,qa_aware,gemini,4,0.8962,0.8576,0.0386,0.5185,219,2418,False,False,0.5247,0.0617,0.4074,"{""retrieval_failure"": 0.03857}"
C1_memory_coverage_combo,memory_only,gemini,4,0.8962,0.8375,0.0587,0.5185,219,2418,False,False,0.5247,0.0617,0.4074,"{""entity_coverage"": 0.03, ""keyword_coverage_tfidf"": 0.028749999999999998, ""memory_count_token"": 0.0}"
C2_efficiency_structure_combo,memory_only,gemini,4,0.8962,0.8962,0.0,0.5185,219,2418,False,False,0.5247,0.0617,0.4074,"{""exact_duplicate"": 0.0, ""near_duplicate_lexical"": 0.0, ""pronoun_ambiguity"": 0.0}"
C3_memory_only_all,memory_only,gemini,4,0.8962,0.8375,0.0587,0.5185,219,2418,False,False,0.5247,0.0617,0.4074,"{""entity_coverage"": 0.03, ""exact_duplicate"": 0.0, ""keyword_coverage_tfidf"": 0.028749999999999998, ""memory_count_token"": 0.0, ""near_duplicate_lexical"": 0.0, ""pronoun_ambiguity"": 0.0}"
C4_qa_aware_all,qa_aware,gemini,4,0.8962,0.8339,0.0623,0.5185,219,2418,False,False,0.5247,0.0617,0.4074,"{""answer_span_coverage"": 0.023764999999999998, ""retrieval_failure"": 0.03857}"
C5_all_features,combined,gemini,4,0.8962,0.7751,0.1211,0.5185,219,2418,False,False,0.5247,0.0617,0.4074,"{""answer_span_coverage"": 0.023764999999999998, ""entity_coverage"": 0.03, ""exact_duplicate"": 0.0, ""keyword_coverage_tfidf"": 0.028749999999999998, ""memory_count_token"": 0.0, ""near_duplicate_lexical"": 0.0, ""pronoun_ambiguity"": 0.0, ""retrieval_failure"": 0.03857}"
E0_v9_baseline,baseline,gemini,5,0.8423,0.8423,0.0,0.5702,186,2315,False,True,0.5526,0.114,0.4211,{}
E1_memory_count_token,memory_only,gemini,5,0.8423,0.8423,0.0,0.5702,186,2315,False,True,0.5526,0.114,0.4211,"{""memory_count_token"": 0.0}"
E2_exact_duplicate,memory_only,gemini,5,0.8423,0.8423,0.0,0.5702,186,2315,False,True,0.5526,0.114,0.4211,"{""exact_duplicate"": 0.0}"
E3_near_duplicate_lexical,memory_only,gemini,5,0.8423,0.8423,0.0,0.5702,186,2315,False,True,0.5526,0.114,0.4211,"{""near_duplicate_lexical"": 0.0}"
E4_entity_coverage,memory_only,gemini,5,0.8423,0.8123,0.03,0.5702,186,2315,False,True,0.5526,0.114,0.4211,"{""entity_coverage"": 0.03}"
E5_keyword_coverage_tfidf,memory_only,gemini,5,0.8423,0.8129,0.0294,0.5702,186,2315,False,True,0.5526,0.114,0.4211,"{""keyword_coverage_tfidf"": 0.029375000000000002}"
E6_pronoun_ambiguity,memory_only,gemini,5,0.8423,0.8423,0.0,0.5702,186,2315,False,True,0.5526,0.114,0.4211,"{""pronoun_ambiguity"": 0.0}"
E7_answer_span_coverage,qa_aware,gemini,5,0.8423,0.8199,0.0224,0.5702,186,2315,False,True,0.5526,0.114,0.4211,"{""answer_span_coverage"": 0.02237}"
E8_retrieval_failure,qa_aware,gemini,5,0.8423,0.7923,0.05,0.5702,186,2315,False,True,0.5526,0.114,0.4211,"{""retrieval_failure"": 0.05}"
C1_memory_coverage_combo,memory_only,gemini,5,0.8423,0.7829,0.0594,0.5702,186,2315,False,True,0.5526,0.114,0.4211,"{""entity_coverage"": 0.03, ""keyword_coverage_tfidf"": 0.029375000000000002, ""memory_count_token"": 0.0}"
C2_efficiency_structure_combo,memory_only,gemini,5,0.8423,0.8423,0.0,0.5702,186,2315,False,True,0.5526,0.114,0.4211,"{""exact_duplicate"": 0.0, ""near_duplicate_lexical"": 0.0, ""pronoun_ambiguity"": 0.0}"
C3_memory_only_all,memory_only,gemini,5,0.8423,0.7829,0.0594,0.5702,186,2315,False,True,0.5526,0.114,0.4211,"{""entity_coverage"": 0.03, ""exact_duplicate"": 0.0, ""keyword_coverage_tfidf"": 0.029375000000000002, ""memory_count_token"": 0.0, ""near_duplicate_lexical"": 0.0, ""pronoun_ambiguity"": 0.0}"
C4_qa_aware_all,qa_aware,gemini,5,0.8423,0.7699,0.0724,0.5702,186,2315,False,True,0.5526,0.114,0.4211,"{""answer_span_coverage"": 0.02237, ""retrieval_failure"": 0.05}"
C5_all_features,combined,gemini,5,0.8423,0.7106,0.1317,0.5702,186,2315,False,True,0.5526,0.114,0.4211,"{""answer_span_coverage"": 0.02237, ""entity_coverage"": 0.03, ""exact_duplicate"": 0.0, ""keyword_coverage_tfidf"": 0.029375000000000002, ""memory_count_token"": 0.0, ""near_duplicate_lexical"": 0.0, ""pronoun_ambiguity"": 0.0, ""retrieval_failure"": 0.05}"
E0_v9_baseline,baseline,gemini,6,0.85,0.85,0.0,0.6058,261,2822,False,False,0.5182,0.0803,0.4234,{}
E1_memory_count_token,memory_only,gemini,6,0.85,0.85,0.0,0.6058,261,2822,False,False,0.5182,0.0803,0.4234,"{""memory_count_token"": 0.0}"
E2_exact_duplicate,memory_only,gemini,6,0.85,0.85,0.0,0.6058,261,2822,False,False,0.5182,0.0803,0.4234,"{""exact_duplicate"": 0.0}"
E3_near_duplicate_lexical,memory_only,gemini,6,0.85,0.85,0.0,0.6058,261,2822,False,False,0.5182,0.0803,0.4234,"{""near_duplicate_lexical"": 0.0}"
E4_entity_coverage,memory_only,gemini,6,0.85,0.8237,0.0263,0.6058,261,2822,False,False,0.5182,0.0803,0.4234,"{""entity_coverage"": 0.026250000000000002}"
E5_keyword_coverage_tfidf,memory_only,gemini,6,0.85,0.8237,0.0263,0.6058,261,2822,False,False,0.5182,0.0803,0.4234,"{""keyword_coverage_tfidf"": 0.026250000000000002}"
E6_pronoun_ambiguity,memory_only,gemini,6,0.85,0.8481,0.0019,0.6058,261,2822,False,False,0.5182,0.0803,0.4234,"{""pronoun_ambiguity"": 0.0019}"
E7_answer_span_coverage,qa_aware,gemini,6,0.85,0.8259,0.0241,0.6058,261,2822,False,False,0.5182,0.0803,0.4234,"{""answer_span_coverage"": 0.02409}"
E8_retrieval_failure,qa_aware,gemini,6,0.85,0.8051,0.0449,0.6058,261,2822,False,False,0.5182,0.0803,0.4234,"{""retrieval_failure"": 0.044895}"
C1_memory_coverage_combo,memory_only,gemini,6,0.85,0.7975,0.0525,0.6058,261,2822,False,False,0.5182,0.0803,0.4234,"{""entity_coverage"": 0.026250000000000002, ""keyword_coverage_tfidf"": 0.026250000000000002, ""memory_count_token"": 0.0}"
C2_efficiency_structure_combo,memory_only,gemini,6,0.85,0.8481,0.0019,0.6058,261,2822,False,False,0.5182,0.0803,0.4234,"{""exact_duplicate"": 0.0, ""near_duplicate_lexical"": 0.0, ""pronoun_ambiguity"": 0.0019}"
C3_memory_only_all,memory_only,gemini,6,0.85,0.7956,0.0544,0.6058,261,2822,False,False,0.5182,0.0803,0.4234,"{""entity_coverage"": 0.026250000000000002, ""exact_duplicate"": 0.0, ""keyword_coverage_tfidf"": 0.026250000000000002, ""memory_count_token"": 0.0, ""near_duplicate_lexical"": 0.0, ""pronoun_ambiguity"": 0.0019}"
C4_qa_aware_all,qa_aware,gemini,6,0.85,0.781,0.069,0.6058,261,2822,False,False,0.5182,0.0803,0.4234,"{""answer_span_coverage"": 0.02409, ""retrieval_failure"": 0.044895}"
C5_all_features,combined,gemini,6,0.85,0.7266,0.1234,0.6058,261,2822,False,False,0.5182,0.0803,0.4234,"{""answer_span_coverage"": 0.02409, ""entity_coverage"": 0.026250000000000002, ""exact_duplicate"": 0.0, ""keyword_coverage_tfidf"": 0.026250000000000002, ""memory_count_token"": 0.0, ""near_duplicate_lexical"": 0.0, ""pronoun_ambiguity"": 0.0019, ""retrieval_failure"": 0.044895}"
E0_v9_baseline,baseline,gemini,7,0.7962,0.7962,0.0,0.5333,207,2686,False,True,0.4848,0.0667,0.3636,{}
E1_memory_count_token,memory_only,gemini,7,0.7962,0.7962,0.0,0.5333,207,2686,False,True,0.4848,0.0667,0.3636,"{""memory_count_token"": 0.0}"
E2_exact_duplicate,memory_only,gemini,7,0.7962,0.7962,0.0,0.5333,207,2686,False,True,0.4848,0.0667,0.3636,"{""exact_duplicate"": 0.0}"
E3_near_duplicate_lexical,memory_only,gemini,7,0.7962,0.7962,0.0,0.5333,207,2686,False,True,0.4848,0.0667,0.3636,"{""near_duplicate_lexical"": 0.0}"
E4_entity_coverage,memory_only,gemini,7,0.7962,0.7774,0.0188,0.5333,207,2686,False,True,0.4848,0.0667,0.3636,"{""entity_coverage"": 0.018750000000000003}"
E5_keyword_coverage_tfidf,memory_only,gemini,7,0.7962,0.7656,0.0306,0.5333,207,2686,False,True,0.4848,0.0667,0.3636,"{""keyword_coverage_tfidf"": 0.030625000000000003}"
E6_pronoun_ambiguity,memory_only,gemini,7,0.7962,0.7962,0.0,0.5333,207,2686,False,True,0.4848,0.0667,0.3636,"{""pronoun_ambiguity"": 0.0}"
E7_answer_span_coverage,qa_aware,gemini,7,0.7962,0.7704,0.0258,0.5333,207,2686,False,True,0.4848,0.0667,0.3636,"{""answer_span_coverage"": 0.02576}"
E8_retrieval_failure,qa_aware,gemini,7,0.7962,0.7526,0.0436,0.5333,207,2686,False,True,0.4848,0.0667,0.3636,"{""retrieval_failure"": 0.043644999999999996}"
C1_memory_coverage_combo,memory_only,gemini,7,0.7962,0.7468,0.0494,0.5333,207,2686,False,True,0.4848,0.0667,0.3636,"{""entity_coverage"": 0.018750000000000003, ""keyword_coverage_tfidf"": 0.030625000000000003, ""memory_count_token"": 0.0}"
C2_efficiency_structure_combo,memory_only,gemini,7,0.7962,0.7962,0.0,0.5333,207,2686,False,True,0.4848,0.0667,0.3636,"{""exact_duplicate"": 0.0, ""near_duplicate_lexical"": 0.0, ""pronoun_ambiguity"": 0.0}"
C3_memory_only_all,memory_only,gemini,7,0.7962,0.7468,0.0494,0.5333,207,2686,False,True,0.4848,0.0667,0.3636,"{""entity_coverage"": 0.018750000000000003, ""exact_duplicate"": 0.0, ""keyword_coverage_tfidf"": 0.030625000000000003, ""memory_count_token"": 0.0, ""near_duplicate_lexical"": 0.0, ""pronoun_ambiguity"": 0.0}"
C4_qa_aware_all,qa_aware,gemini,7,0.7962,0.7268,0.0694,0.5333,207,2686,False,True,0.4848,0.0667,0.3636,"{""answer_span_coverage"": 0.02576, ""retrieval_failure"": 0.043644999999999996}"
C5_all_features,combined,gemini,7,0.7962,0.6774,0.1188,0.5333,207,2686,False,True,0.4848,0.0667,0.3636,"{""answer_span_coverage"": 0.02576, ""entity_coverage"": 0.018750000000000003, ""exact_duplicate"": 0.0, ""keyword_coverage_tfidf"": 0.030625000000000003, ""memory_count_token"": 0.0, ""near_duplicate_lexical"": 0.0, ""pronoun_ambiguity"": 0.0, ""retrieval_failure"": 0.043644999999999996}"
E0_v9_baseline,baseline,gemini,8,0.8846,0.8846,0.0,0.5852,185,2294,False,True,0.5778,0.1111,0.3778,{}
E1_memory_count_token,memory_only,gemini,8,0.8846,0.8846,0.0,0.5852,185,2294,False,True,0.5778,0.1111,0.3778,"{""memory_count_token"": 0.0}"
E2_exact_duplicate,memory_only,gemini,8,0.8846,0.8846,0.0,0.5852,185,2294,False,True,0.5778,0.1111,0.3778,"{""exact_duplicate"": 0.0}"
E3_near_duplicate_lexical,memory_only,gemini,8,0.8846,0.8846,0.0,0.5852,185,2294,False,True,0.5778,0.1111,0.3778,"{""near_duplicate_lexical"": 0.0}"
E4_entity_coverage,memory_only,gemini,8,0.8846,0.8596,0.025,0.5852,185,2294,False,True,0.5778,0.1111,0.3778,"{""entity_coverage"": 0.025}"
E5_keyword_coverage_tfidf,memory_only,gemini,8,0.8846,0.8602,0.0244,0.5852,185,2294,False,True,0.5778,0.1111,0.3778,"{""keyword_coverage_tfidf"": 0.024375000000000004}"
E6_pronoun_ambiguity,memory_only,gemini,8,0.8846,0.8846,0.0,0.5852,185,2294,False,True,0.5778,0.1111,0.3778,"{""pronoun_ambiguity"": 0.0}"
E7_answer_span_coverage,qa_aware,gemini,8,0.8846,0.8635,0.0211,0.5852,185,2294,False,True,0.5778,0.1111,0.3778,"{""answer_span_coverage"": 0.021110000000000004}"
E8_retrieval_failure,qa_aware,gemini,8,0.8846,0.8346,0.05,0.5852,185,2294,False,True,0.5778,0.1111,0.3778,"{""retrieval_failure"": 0.05}"
C1_memory_coverage_combo,memory_only,gemini,8,0.8846,0.8352,0.0494,0.5852,185,2294,False,True,0.5778,0.1111,0.3778,"{""entity_coverage"": 0.025, ""keyword_coverage_tfidf"": 0.024375000000000004, ""memory_count_token"": 0.0}"
C2_efficiency_structure_combo,memory_only,gemini,8,0.8846,0.8846,0.0,0.5852,185,2294,False,True,0.5778,0.1111,0.3778,"{""exact_duplicate"": 0.0, ""near_duplicate_lexical"": 0.0, ""pronoun_ambiguity"": 0.0}"
C3_memory_only_all,memory_only,gemini,8,0.8846,0.8352,0.0494,0.5852,185,2294,False,True,0.5778,0.1111,0.3778,"{""entity_coverage"": 0.025, ""exact_duplicate"": 0.0, ""keyword_coverage_tfidf"": 0.024375000000000004, ""memory_count_token"": 0.0, ""near_duplicate_lexical"": 0.0, ""pronoun_ambiguity"": 0.0}"
C4_qa_aware_all,qa_aware,gemini,8,0.8846,0.8135,0.0711,0.5852,185,2294,False,True,0.5778,0.1111,0.3778,"{""answer_span_coverage"": 0.021110000000000004, ""retrieval_failure"": 0.05}"
C5_all_features,combined,gemini,8,0.8846,0.7641,0.1205,0.5852,185,2294,False,True,0.5778,0.1111,0.3778,"{""answer_span_coverage"": 0.021110000000000004, ""entity_coverage"": 0.025, ""exact_duplicate"": 0.0, ""keyword_coverage_tfidf"": 0.024375000000000004, ""memory_count_token"": 0.0, ""near_duplicate_lexical"": 0.0, ""pronoun_ambiguity"": 0.0, ""retrieval_failure"": 0.05}"
E0_v9_baseline,baseline,gemini,9,0.8115,0.8115,0.0,0.5139,171,1913,True,True,0.5486,0.125,0.3125,{}
E1_memory_count_token,memory_only,gemini,9,0.8115,0.8056,0.0059,0.5139,171,1913,True,True,0.5486,0.125,0.3125,"{""memory_count_token"": 0.005931812946325731}"
E2_exact_duplicate,memory_only,gemini,9,0.8115,0.8115,0.0,0.5139,171,1913,True,True,0.5486,0.125,0.3125,"{""exact_duplicate"": 0.0}"
E3_near_duplicate_lexical,memory_only,gemini,9,0.8115,0.8115,0.0,0.5139,171,1913,True,True,0.5486,0.125,0.3125,"{""near_duplicate_lexical"": 0.0}"
E4_entity_coverage,memory_only,gemini,9,0.8115,0.7828,0.0287,0.5139,171,1913,True,True,0.5486,0.125,0.3125,"{""entity_coverage"": 0.028749999999999998}"
E5_keyword_coverage_tfidf,memory_only,gemini,9,0.8115,0.7796,0.0319,0.5139,171,1913,True,True,0.5486,0.125,0.3125,"{""keyword_coverage_tfidf"": 0.031875}"
E6_pronoun_ambiguity,memory_only,gemini,9,0.8115,0.8115,0.0,0.5139,171,1913,True,True,0.5486,0.125,0.3125,"{""pronoun_ambiguity"": 0.0}"
E7_answer_span_coverage,qa_aware,gemini,9,0.8115,0.7889,0.0226,0.5139,171,1913,True,True,0.5486,0.125,0.3125,"{""answer_span_coverage"": 0.022570000000000003}"
E8_retrieval_failure,qa_aware,gemini,9,0.8115,0.7615,0.05,0.5139,171,1913,True,True,0.5486,0.125,0.3125,"{""retrieval_failure"": 0.05}"
C1_memory_coverage_combo,memory_only,gemini,9,0.8115,0.7449,0.0666,0.5139,171,1913,True,True,0.5486,0.125,0.3125,"{""entity_coverage"": 0.028749999999999998, ""keyword_coverage_tfidf"": 0.031875, ""memory_count_token"": 0.005931812946325731}"
C2_efficiency_structure_combo,memory_only,gemini,9,0.8115,0.8115,0.0,0.5139,171,1913,True,True,0.5486,0.125,0.3125,"{""exact_duplicate"": 0.0, ""near_duplicate_lexical"": 0.0, ""pronoun_ambiguity"": 0.0}"
C3_memory_only_all,memory_only,gemini,9,0.8115,0.7449,0.0666,0.5139,171,1913,True,True,0.5486,0.125,0.3125,"{""entity_coverage"": 0.028749999999999998, ""exact_duplicate"": 0.0, ""keyword_coverage_tfidf"": 0.031875, ""memory_count_token"": 0.005931812946325731, ""near_duplicate_lexical"": 0.0, ""pronoun_ambiguity"": 0.0}"
C4_qa_aware_all,qa_aware,gemini,9,0.8115,0.7389,0.0726,0.5139,171,1913,True,True,0.5486,0.125,0.3125,"{""answer_span_coverage"": 0.022570000000000003, ""retrieval_failure"": 0.05}"
C5_all_features,combined,gemini,9,0.8115,0.6724,0.1391,0.5139,171,1913,True,True,0.5486,0.125,0.3125,"{""answer_span_coverage"": 0.022570000000000003, ""entity_coverage"": 0.028749999999999998, ""exact_duplicate"": 0.0, ""keyword_coverage_tfidf"": 0.031875, ""memory_count_token"": 0.005931812946325731, ""near_duplicate_lexical"": 0.0, ""pronoun_ambiguity"": 0.0, ""retrieval_failure"": 0.05}"
E0_v9_baseline,baseline,minimax,0,0.8808,0.8808,0.0,0.7101,324,3837,False,False,0.5217,0.0507,0.4203,{}
E1_memory_count_token,memory_only,minimax,0,0.8808,0.8808,0.0,0.7101,324,3837,False,False,0.5217,0.0507,0.4203,"{""memory_count_token"": 0.0}"
E2_exact_duplicate,memory_only,minimax,0,0.8808,0.8808,0.0,0.7101,324,3837,False,False,0.5217,0.0507,0.4203,"{""exact_duplicate"": 0.0}"
E3_near_duplicate_lexical,memory_only,minimax,0,0.8808,0.8808,0.0,0.7101,324,3837,False,False,0.5217,0.0507,0.4203,"{""near_duplicate_lexical"": 0.0}"
E4_entity_coverage,memory_only,minimax,0,0.8808,0.8658,0.015,0.7101,324,3837,False,False,0.5217,0.0507,0.4203,"{""entity_coverage"": 0.015000000000000003}"
E5_keyword_coverage_tfidf,memory_only,minimax,0,0.8808,0.8683,0.0125,0.7101,324,3837,False,False,0.5217,0.0507,0.4203,"{""keyword_coverage_tfidf"": 0.0125}"
E6_pronoun_ambiguity,memory_only,minimax,0,0.8808,0.8792,0.0015,0.7101,324,3837,False,False,0.5217,0.0507,0.4203,"{""pronoun_ambiguity"": 0.00155}"
E7_answer_span_coverage,qa_aware,minimax,0,0.8808,0.8569,0.0239,0.7101,324,3837,False,False,0.5217,0.0507,0.4203,"{""answer_span_coverage"": 0.023915}"
E8_retrieval_failure,qa_aware,minimax,0,0.8808,0.8446,0.0362,0.7101,324,3837,False,False,0.5217,0.0507,0.4203,"{""retrieval_failure"": 0.036225}"
C1_memory_coverage_combo,memory_only,minimax,0,0.8808,0.8533,0.0275,0.7101,324,3837,False,False,0.5217,0.0507,0.4203,"{""entity_coverage"": 0.015000000000000003, ""keyword_coverage_tfidf"": 0.0125, ""memory_count_token"": 0.0}"
C2_efficiency_structure_combo,memory_only,minimax,0,0.8808,0.8792,0.0015,0.7101,324,3837,False,False,0.5217,0.0507,0.4203,"{""exact_duplicate"": 0.0, ""near_duplicate_lexical"": 0.0, ""pronoun_ambiguity"": 0.00155}"
C3_memory_only_all,memory_only,minimax,0,0.8808,0.8518,0.0291,0.7101,324,3837,False,False,0.5217,0.0507,0.4203,"{""entity_coverage"": 0.015000000000000003, ""exact_duplicate"": 0.0, ""keyword_coverage_tfidf"": 0.0125, ""memory_count_token"": 0.0, ""near_duplicate_lexical"": 0.0, ""pronoun_ambiguity"": 0.00155}"
C4_qa_aware_all,qa_aware,minimax,0,0.8808,0.8207,0.0601,0.7101,324,3837,False,False,0.5217,0.0507,0.4203,"{""answer_span_coverage"": 0.023915, ""retrieval_failure"": 0.036225}"
C5_all_features,combined,minimax,0,0.8808,0.7916,0.0892,0.7101,324,3837,False,False,0.5217,0.0507,0.4203,"{""answer_span_coverage"": 0.023915, ""entity_coverage"": 0.015000000000000003, ""exact_duplicate"": 0.0, ""keyword_coverage_tfidf"": 0.0125, ""memory_count_token"": 0.0, ""near_duplicate_lexical"": 0.0, ""pronoun_ambiguity"": 0.00155, ""retrieval_failure"": 0.036225}"
E0_v9_baseline,baseline,minimax,1,0.8962,0.8962,0.0,0.5278,212,2459,False,True,0.4861,0.1111,0.2917,{}
E1_memory_count_token,memory_only,minimax,1,0.8962,0.8962,0.0,0.5278,212,2459,False,True,0.4861,0.1111,0.2917,"{""memory_count_token"": 0.0}"
E2_exact_duplicate,memory_only,minimax,1,0.8962,0.8962,0.0,0.5278,212,2459,False,True,0.4861,0.1111,0.2917,"{""exact_duplicate"": 0.0}"
E3_near_duplicate_lexical,memory_only,minimax,1,0.8962,0.8962,0.0,0.5278,212,2459,False,True,0.4861,0.1111,0.2917,"{""near_duplicate_lexical"": 0.0}"
E4_entity_coverage,memory_only,minimax,1,0.8962,0.8737,0.0225,0.5278,212,2459,False,True,0.4861,0.1111,0.2917,"{""entity_coverage"": 0.0225}"
E5_keyword_coverage_tfidf,memory_only,minimax,1,0.8962,0.88,0.0162,0.5278,212,2459,False,True,0.4861,0.1111,0.2917,"{""keyword_coverage_tfidf"": 0.016249999999999997}"
E6_pronoun_ambiguity,memory_only,minimax,1,0.8962,0.8962,0.0,0.5278,212,2459,False,True,0.4861,0.1111,0.2917,"{""pronoun_ambiguity"": 0.0}"
E7_answer_span_coverage,qa_aware,minimax,1,0.8962,0.8705,0.0257,0.5278,212,2459,False,True,0.4861,0.1111,0.2917,"{""answer_span_coverage"": 0.025695000000000003}"
E8_retrieval_failure,qa_aware,minimax,1,0.8962,0.8462,0.05,0.5278,212,2459,False,True,0.4861,0.1111,0.2917,"{""retrieval_failure"": 0.05}"
C1_memory_coverage_combo,memory_only,minimax,1,0.8962,0.8575,0.0387,0.5278,212,2459,False,True,0.4861,0.1111,0.2917,"{""entity_coverage"": 0.0225, ""keyword_coverage_tfidf"": 0.016249999999999997, ""memory_count_token"": 0.0}"
C2_efficiency_structure_combo,memory_only,minimax,1,0.8962,0.8962,0.0,0.5278,212,2459,False,True,0.4861,0.1111,0.2917,"{""exact_duplicate"": 0.0, ""near_duplicate_lexical"": 0.0, ""pronoun_ambiguity"": 0.0}"
C3_memory_only_all,memory_only,minimax,1,0.8962,0.8575,0.0387,0.5278,212,2459,False,True,0.4861,0.1111,0.2917,"{""entity_coverage"": 0.0225, ""exact_duplicate"": 0.0, ""keyword_coverage_tfidf"": 0.016249999999999997, ""memory_count_token"": 0.0, ""near_duplicate_lexical"": 0.0, ""pronoun_ambiguity"": 0.0}"
C4_qa_aware_all,qa_aware,minimax,1,0.8962,0.8205,0.0757,0.5278,212,2459,False,True,0.4861,0.1111,0.2917,"{""answer_span_coverage"": 0.025695000000000003, ""retrieval_failure"": 0.05}"
C5_all_features,combined,minimax,1,0.8962,0.7818,0.1144,0.5278,212,2459,False,True,0.4861,0.1111,0.2917,"{""answer_span_coverage"": 0.025695000000000003, ""entity_coverage"": 0.0225, ""exact_duplicate"": 0.0, ""keyword_coverage_tfidf"": 0.016249999999999997, ""memory_count_token"": 0.0, ""near_duplicate_lexical"": 0.0, ""pronoun_ambiguity"": 0.0, ""retrieval_failure"": 0.05}"
E0_v9_baseline,baseline,minimax,2,0.8346,0.8346,0.0,0.7426,422,4908,False,False,0.7279,0.0221,0.6029,{}
E1_memory_count_token,memory_only,minimax,2,0.8346,0.8346,0.0,0.7426,422,4908,False,False,0.7279,0.0221,0.6029,"{""memory_count_token"": 0.0}"
E2_exact_duplicate,memory_only,minimax,2,0.8346,0.8346,0.0,0.7426,422,4908,False,False,0.7279,0.0221,0.6029,"{""exact_duplicate"": 0.0}"
E3_near_duplicate_lexical,memory_only,minimax,2,0.8346,0.8346,0.0,0.7426,422,4908,False,False,0.7279,0.0221,0.6029,"{""near_duplicate_lexical"": 0.0}"
E4_entity_coverage,memory_only,minimax,2,0.8346,0.8171,0.0175,0.7426,422,4908,False,False,0.7279,0.0221,0.6029,"{""entity_coverage"": 0.017499999999999998}"
E5_keyword_coverage_tfidf,memory_only,minimax,2,0.8346,0.8196,0.015,0.7426,422,4908,False,False,0.7279,0.0221,0.6029,"{""keyword_coverage_tfidf"": 0.015000000000000003}"
E6_pronoun_ambiguity,memory_only,minimax,2,0.8346,0.8323,0.0024,0.7426,422,4908,False,False,0.7279,0.0221,0.6029,"{""pronoun_ambiguity"": 0.00235}"
E7_answer_span_coverage,qa_aware,minimax,2,0.8346,0.821,0.0136,0.7426,422,4908,False,False,0.7279,0.0221,0.6029,"{""answer_span_coverage"": 0.013605}"
E8_retrieval_failure,qa_aware,minimax,2,0.8346,0.8147,0.0199,0.7426,422,4908,False,False,0.7279,0.0221,0.6029,"{""retrieval_failure"": 0.019865}"
C1_memory_coverage_combo,memory_only,minimax,2,0.8346,0.8021,0.0325,0.7426,422,4908,False,False,0.7279,0.0221,0.6029,"{""entity_coverage"": 0.017499999999999998, ""keyword_coverage_tfidf"": 0.015000000000000003, ""memory_count_token"": 0.0}"
C2_efficiency_structure_combo,memory_only,minimax,2,0.8346,0.8323,0.0024,0.7426,422,4908,False,False,0.7279,0.0221,0.6029,"{""exact_duplicate"": 0.0, ""near_duplicate_lexical"": 0.0, ""pronoun_ambiguity"": 0.00235}"
C3_memory_only_all,memory_only,minimax,2,0.8346,0.7997,0.0348,0.7426,422,4908,False,False,0.7279,0.0221,0.6029,"{""entity_coverage"": 0.017499999999999998, ""exact_duplicate"": 0.0, ""keyword_coverage_tfidf"": 0.015000000000000003, ""memory_count_token"": 0.0, ""near_duplicate_lexical"": 0.0, ""pronoun_ambiguity"": 0.00235}"
C4_qa_aware_all,qa_aware,minimax,2,0.8346,0.8011,0.0335,0.7426,422,4908,False,False,0.7279,0.0221,0.6029,"{""answer_span_coverage"": 0.013605, ""retrieval_failure"": 0.019865}"
C5_all_features,combined,minimax,2,0.8346,0.7663,0.0683,0.7426,422,4908,False,False,0.7279,0.0221,0.6029,"{""answer_span_coverage"": 0.013605, ""entity_coverage"": 0.017499999999999998, ""exact_duplicate"": 0.0, ""keyword_coverage_tfidf"": 0.015000000000000003, ""memory_count_token"": 0.0, ""near_duplicate_lexical"": 0.0, ""pronoun_ambiguity"": 0.00235, ""retrieval_failure"": 0.019865}"
E0_v9_baseline,baseline,minimax,3,0.8385,0.8385,0.0,0.648,395,4891,False,False,0.7039,0.0559,0.5028,{}
E1_memory_count_token,memory_only,minimax,3,0.8385,0.8385,0.0,0.648,395,4891,False,False,0.7039,0.0559,0.5028,"{""memory_count_token"": 0.0}"
E2_exact_duplicate,memory_only,minimax,3,0.8385,0.8385,0.0,0.648,395,4891,False,False,0.7039,0.0559,0.5028,"{""exact_duplicate"": 0.0}"
E3_near_duplicate_lexical,memory_only,minimax,3,0.8385,0.835,0.0035,0.648,395,4891,False,False,0.7039,0.0559,0.5028,"{""near_duplicate_lexical"": 0.00354}"
E4_entity_coverage,memory_only,minimax,3,0.8385,0.8247,0.0138,0.648,395,4891,False,False,0.7039,0.0559,0.5028,"{""entity_coverage"": 0.013750000000000002}"
E5_keyword_coverage_tfidf,memory_only,minimax,3,0.8385,0.826,0.0125,0.648,395,4891,False,False,0.7039,0.0559,0.5028,"{""keyword_coverage_tfidf"": 0.0125}"
E6_pronoun_ambiguity,memory_only,minimax,3,0.8385,0.8373,0.0013,0.648,395,4891,False,False,0.7039,0.0559,0.5028,"{""pronoun_ambiguity"": 0.00125}"
E7_answer_span_coverage,qa_aware,minimax,3,0.8385,0.8237,0.0148,0.648,395,4891,False,False,0.7039,0.0559,0.5028,"{""answer_span_coverage"": 0.014805000000000002}"
E8_retrieval_failure,qa_aware,minimax,3,0.8385,0.805,0.0335,0.648,395,4891,False,False,0.7039,0.0559,0.5028,"{""retrieval_failure"": 0.033530000000000004}"
C1_memory_coverage_combo,memory_only,minimax,3,0.8385,0.8123,0.0263,0.648,395,4891,False,False,0.7039,0.0559,0.5028,"{""entity_coverage"": 0.013750000000000002, ""keyword_coverage_tfidf"": 0.0125, ""memory_count_token"": 0.0}"
C2_efficiency_structure_combo,memory_only,minimax,3,0.8385,0.8337,0.0048,0.648,395,4891,False,False,0.7039,0.0559,0.5028,"{""exact_duplicate"": 0.0, ""near_duplicate_lexical"": 0.00354, ""pronoun_ambiguity"": 0.00125}"
C3_memory_only_all,memory_only,minimax,3,0.8385,0.8075,0.031,0.648,395,4891,False,False,0.7039,0.0559,0.5028,"{""entity_coverage"": 0.013750000000000002, ""exact_duplicate"": 0.0, ""keyword_coverage_tfidf"": 0.0125, ""memory_count_token"": 0.0, ""near_duplicate_lexical"": 0.00354, ""pronoun_ambiguity"": 0.00125}"
C4_qa_aware_all,qa_aware,minimax,3,0.8385,0.7902,0.0483,0.648,395,4891,False,False,0.7039,0.0559,0.5028,"{""answer_span_coverage"": 0.014805000000000002, ""retrieval_failure"": 0.033530000000000004}"
C5_all_features,combined,minimax,3,0.8385,0.7591,0.0794,0.648,395,4891,False,False,0.7039,0.0559,0.5028,"{""answer_span_coverage"": 0.014805000000000002, ""entity_coverage"": 0.013750000000000002, ""exact_duplicate"": 0.0, ""keyword_coverage_tfidf"": 0.0125, ""memory_count_token"": 0.0, ""near_duplicate_lexical"": 0.00354, ""pronoun_ambiguity"": 0.00125, ""retrieval_failure"": 0.033530000000000004}"
E0_v9_baseline,baseline,minimax,4,0.8962,0.8962,0.0,0.6358,405,4756,False,False,0.6728,0.0185,0.4568,{}
E1_memory_count_token,memory_only,minimax,4,0.8962,0.8962,0.0,0.6358,405,4756,False,False,0.6728,0.0185,0.4568,"{""memory_count_token"": 0.0}"
E2_exact_duplicate,memory_only,minimax,4,0.8962,0.8962,0.0,0.6358,405,4756,False,False,0.6728,0.0185,0.4568,"{""exact_duplicate"": 0.0}"
E3_near_duplicate_lexical,memory_only,minimax,4,0.8962,0.8962,0.0,0.6358,405,4756,False,False,0.6728,0.0185,0.4568,"{""near_duplicate_lexical"": 0.0}"
E4_entity_coverage,memory_only,minimax,4,0.8962,0.8812,0.015,0.6358,405,4756,False,False,0.6728,0.0185,0.4568,"{""entity_coverage"": 0.015000000000000003}"
E5_keyword_coverage_tfidf,memory_only,minimax,4,0.8962,0.88,0.0162,0.6358,405,4756,False,False,0.6728,0.0185,0.4568,"{""keyword_coverage_tfidf"": 0.016249999999999997}"
E6_pronoun_ambiguity,memory_only,minimax,4,0.8962,0.8962,0.0,0.6358,405,4756,False,False,0.6728,0.0185,0.4568,"{""pronoun_ambiguity"": 0.0}"
E7_answer_span_coverage,qa_aware,minimax,4,0.8962,0.8798,0.0164,0.6358,405,4756,False,False,0.6728,0.0185,0.4568,"{""answer_span_coverage"": 0.016360000000000003}"
E8_retrieval_failure,qa_aware,minimax,4,0.8962,0.8727,0.0235,0.6358,405,4756,False,False,0.6728,0.0185,0.4568,"{""retrieval_failure"": 0.023455}"
C1_memory_coverage_combo,memory_only,minimax,4,0.8962,0.8649,0.0312,0.6358,405,4756,False,False,0.6728,0.0185,0.4568,"{""entity_coverage"": 0.015000000000000003, ""keyword_coverage_tfidf"": 0.016249999999999997, ""memory_count_token"": 0.0}"
C2_efficiency_structure_combo,memory_only,minimax,4,0.8962,0.8962,0.0,0.6358,405,4756,False,False,0.6728,0.0185,0.4568,"{""exact_duplicate"": 0.0, ""near_duplicate_lexical"": 0.0, ""pronoun_ambiguity"": 0.0}"
C3_memory_only_all,memory_only,minimax,4,0.8962,0.8649,0.0312,0.6358,405,4756,False,False,0.6728,0.0185,0.4568,"{""entity_coverage"": 0.015000000000000003, ""exact_duplicate"": 0.0, ""keyword_coverage_tfidf"": 0.016249999999999997, ""memory_count_token"": 0.0, ""near_duplicate_lexical"": 0.0, ""pronoun_ambiguity"": 0.0}"
C4_qa_aware_all,qa_aware,minimax,4,0.8962,0.8564,0.0398,0.6358,405,4756,False,False,0.6728,0.0185,0.4568,"{""answer_span_coverage"": 0.016360000000000003, ""retrieval_failure"": 0.023455}"
C5_all_features,combined,minimax,4,0.8962,0.8251,0.0711,0.6358,405,4756,False,False,0.6728,0.0185,0.4568,"{""answer_span_coverage"": 0.016360000000000003, ""entity_coverage"": 0.015000000000000003, ""exact_duplicate"": 0.0, ""keyword_coverage_tfidf"": 0.016249999999999997, ""memory_count_token"": 0.0, ""near_duplicate_lexical"": 0.0, ""pronoun_ambiguity"": 0.0, ""retrieval_failure"": 0.023455}"
E0_v9_baseline,baseline,minimax,5,0.8423,0.8423,0.0,0.5965,374,4515,False,False,0.7105,0.0351,0.5351,{}
E1_memory_count_token,memory_only,minimax,5,0.8423,0.8423,0.0,0.5965,374,4515,False,False,0.7105,0.0351,0.5351,"{""memory_count_token"": 0.0}"
E2_exact_duplicate,memory_only,minimax,5,0.8423,0.8423,0.0,0.5965,374,4515,False,False,0.7105,0.0351,0.5351,"{""exact_duplicate"": 0.0}"
E3_near_duplicate_lexical,memory_only,minimax,5,0.8423,0.8423,0.0,0.5965,374,4515,False,False,0.7105,0.0351,0.5351,"{""near_duplicate_lexical"": 0.0}"
E4_entity_coverage,memory_only,minimax,5,0.8423,0.8211,0.0213,0.5965,374,4515,False,False,0.7105,0.0351,0.5351,"{""entity_coverage"": 0.021250000000000005}"
E5_keyword_coverage_tfidf,memory_only,minimax,5,0.8423,0.8254,0.0169,0.5965,374,4515,False,False,0.7105,0.0351,0.5351,"{""keyword_coverage_tfidf"": 0.016875}"
E6_pronoun_ambiguity,memory_only,minimax,5,0.8423,0.8383,0.004,0.5965,374,4515,False,False,0.7105,0.0351,0.5351,"{""pronoun_ambiguity"": 0.004}"
E7_answer_span_coverage,qa_aware,minimax,5,0.8423,0.8278,0.0145,0.5965,374,4515,False,False,0.7105,0.0351,0.5351,"{""answer_span_coverage"": 0.014475}"
E8_retrieval_failure,qa_aware,minimax,5,0.8423,0.8125,0.0298,0.5965,374,4515,False,False,0.7105,0.0351,0.5351,"{""retrieval_failure"": 0.029825}"
C1_memory_coverage_combo,memory_only,minimax,5,0.8423,0.8042,0.0381,0.5965,374,4515,False,False,0.7105,0.0351,0.5351,"{""entity_coverage"": 0.021250000000000005, ""keyword_coverage_tfidf"": 0.016875, ""memory_count_token"": 0.0}"
C2_efficiency_structure_combo,memory_only,minimax,5,0.8423,0.8383,0.004,0.5965,374,4515,False,False,0.7105,0.0351,0.5351,"{""exact_duplicate"": 0.0, ""near_duplicate_lexical"": 0.0, ""pronoun_ambiguity"": 0.004}"
C3_memory_only_all,memory_only,minimax,5,0.8423,0.8002,0.0421,0.5965,374,4515,False,False,0.7105,0.0351,0.5351,"{""entity_coverage"": 0.021250000000000005, ""exact_duplicate"": 0.0, ""keyword_coverage_tfidf"": 0.016875, ""memory_count_token"": 0.0, ""near_duplicate_lexical"": 0.0, ""pronoun_ambiguity"": 0.004}"
C4_qa_aware_all,qa_aware,minimax,5,0.8423,0.798,0.0443,0.5965,374,4515,False,False,0.7105,0.0351,0.5351,"{""answer_span_coverage"": 0.014475, ""retrieval_failure"": 0.029825}"
C5_all_features,combined,minimax,5,0.8423,0.7559,0.0864,0.5965,374,4515,False,False,0.7105,0.0351,0.5351,"{""answer_span_coverage"": 0.014475, ""entity_coverage"": 0.021250000000000005, ""exact_duplicate"": 0.0, ""keyword_coverage_tfidf"": 0.016875, ""memory_count_token"": 0.0, ""near_duplicate_lexical"": 0.0, ""pronoun_ambiguity"": 0.004, ""retrieval_failure"": 0.029825}"
E0_v9_baseline,baseline,minimax,6,0.8423,0.8423,0.0,0.6423,448,5067,False,False,0.6277,0.073,0.5109,{}
E1_memory_count_token,memory_only,minimax,6,0.8423,0.8423,0.0,0.6423,448,5067,False,False,0.6277,0.073,0.5109,"{""memory_count_token"": 0.0}"
E2_exact_duplicate,memory_only,minimax,6,0.8423,0.8423,0.0,0.6423,448,5067,False,False,0.6277,0.073,0.5109,"{""exact_duplicate"": 0.0}"
E3_near_duplicate_lexical,memory_only,minimax,6,0.8423,0.8423,0.0,0.6423,448,5067,False,False,0.6277,0.073,0.5109,"{""near_duplicate_lexical"": 0.0}"
E4_entity_coverage,memory_only,minimax,6,0.8423,0.8248,0.0175,0.6423,448,5067,False,False,0.6277,0.073,0.5109,"{""entity_coverage"": 0.017499999999999998}"
E5_keyword_coverage_tfidf,memory_only,minimax,6,0.8423,0.8279,0.0144,0.6423,448,5067,False,False,0.6277,0.073,0.5109,"{""keyword_coverage_tfidf"": 0.014374999999999999}"
E6_pronoun_ambiguity,memory_only,minimax,6,0.8423,0.8412,0.0011,0.6423,448,5067,False,False,0.6277,0.073,0.5109,"{""pronoun_ambiguity"": 0.0011}"
E7_answer_span_coverage,qa_aware,minimax,6,0.8423,0.8237,0.0186,0.6423,448,5067,False,False,0.6277,0.073,0.5109,"{""answer_span_coverage"": 0.018615}"
E8_retrieval_failure,qa_aware,minimax,6,0.8423,0.8043,0.038,0.6423,448,5067,False,False,0.6277,0.073,0.5109,"{""retrieval_failure"": 0.03796}"
C1_memory_coverage_combo,memory_only,minimax,6,0.8423,0.8104,0.0319,0.6423,448,5067,False,False,0.6277,0.073,0.5109,"{""entity_coverage"": 0.017499999999999998, ""keyword_coverage_tfidf"": 0.014374999999999999, ""memory_count_token"": 0.0}"
C2_efficiency_structure_combo,memory_only,minimax,6,0.8423,0.8412,0.0011,0.6423,448,5067,False,False,0.6277,0.073,0.5109,"{""exact_duplicate"": 0.0, ""near_duplicate_lexical"": 0.0, ""pronoun_ambiguity"": 0.0011}"
C3_memory_only_all,memory_only,minimax,6,0.8423,0.8093,0.033,0.6423,448,5067,False,False,0.6277,0.073,0.5109,"{""entity_coverage"": 0.017499999999999998, ""exact_duplicate"": 0.0, ""keyword_coverage_tfidf"": 0.014374999999999999, ""memory_count_token"": 0.0, ""near_duplicate_lexical"": 0.0, ""pronoun_ambiguity"": 0.0011}"
C4_qa_aware_all,qa_aware,minimax,6,0.8423,0.7857,0.0566,0.6423,448,5067,False,False,0.6277,0.073,0.5109,"{""answer_span_coverage"": 0.018615, ""retrieval_failure"": 0.03796}"
C5_all_features,combined,minimax,6,0.8423,0.7528,0.0895,0.6423,448,5067,False,False,0.6277,0.073,0.5109,"{""answer_span_coverage"": 0.018615, ""entity_coverage"": 0.017499999999999998, ""exact_duplicate"": 0.0, ""keyword_coverage_tfidf"": 0.014374999999999999, ""memory_count_token"": 0.0, ""near_duplicate_lexical"": 0.0, ""pronoun_ambiguity"": 0.0011, ""retrieval_failure"": 0.03796}"
E0_v9_baseline,baseline,minimax,7,0.7577,0.7577,0.0,0.6121,454,6130,False,False,0.6242,0.0545,0.4606,{}
E1_memory_count_token,memory_only,minimax,7,0.7577,0.7577,0.0,0.6121,454,6130,False,False,0.6242,0.0545,0.4606,"{""memory_count_token"": 0.0}"
E2_exact_duplicate,memory_only,minimax,7,0.7577,0.7577,0.0,0.6121,454,6130,False,False,0.6242,0.0545,0.4606,"{""exact_duplicate"": 0.0}"
E3_near_duplicate_lexical,memory_only,minimax,7,0.7577,0.7577,0.0,0.6121,454,6130,False,False,0.6242,0.0545,0.4606,"{""near_duplicate_lexical"": 0.0}"
E4_entity_coverage,memory_only,minimax,7,0.7577,0.7452,0.0125,0.6121,454,6130,False,False,0.6242,0.0545,0.4606,"{""entity_coverage"": 0.0125}"
E5_keyword_coverage_tfidf,memory_only,minimax,7,0.7577,0.744,0.0138,0.6121,454,6130,False,False,0.6242,0.0545,0.4606,"{""keyword_coverage_tfidf"": 0.013750000000000002}"
E6_pronoun_ambiguity,memory_only,minimax,7,0.7577,0.7566,0.0011,0.6121,454,6130,False,False,0.6242,0.0545,0.4606,"{""pronoun_ambiguity"": 0.0011}"
E7_answer_span_coverage,qa_aware,minimax,7,0.7577,0.7389,0.0188,0.6121,454,6130,False,False,0.6242,0.0545,0.4606,"{""answer_span_coverage"": 0.01879}"
E8_retrieval_failure,qa_aware,minimax,7,0.7577,0.721,0.0367,0.6121,454,6130,False,False,0.6242,0.0545,0.4606,"{""retrieval_failure"": 0.03665500000000001}"
C1_memory_coverage_combo,memory_only,minimax,7,0.7577,0.7315,0.0263,0.6121,454,6130,False,False,0.6242,0.0545,0.4606,"{""entity_coverage"": 0.0125, ""keyword_coverage_tfidf"": 0.013750000000000002, ""memory_count_token"": 0.0}"
C2_efficiency_structure_combo,memory_only,minimax,7,0.7577,0.7566,0.0011,0.6121,454,6130,False,False,0.6242,0.0545,0.4606,"{""exact_duplicate"": 0.0, ""near_duplicate_lexical"": 0.0, ""pronoun_ambiguity"": 0.0011}"
C3_memory_only_all,memory_only,minimax,7,0.7577,0.7304,0.0274,0.6121,454,6130,False,False,0.6242,0.0545,0.4606,"{""entity_coverage"": 0.0125, ""exact_duplicate"": 0.0, ""keyword_coverage_tfidf"": 0.013750000000000002, ""memory_count_token"": 0.0, ""near_duplicate_lexical"": 0.0, ""pronoun_ambiguity"": 0.0011}"
C4_qa_aware_all,qa_aware,minimax,7,0.7577,0.7023,0.0554,0.6121,454,6130,False,False,0.6242,0.0545,0.4606,"{""answer_span_coverage"": 0.01879, ""retrieval_failure"": 0.03665500000000001}"
C5_all_features,combined,minimax,7,0.7577,0.6749,0.0828,0.6121,454,6130,False,False,0.6242,0.0545,0.4606,"{""answer_span_coverage"": 0.01879, ""entity_coverage"": 0.0125, ""exact_duplicate"": 0.0, ""keyword_coverage_tfidf"": 0.013750000000000002, ""memory_count_token"": 0.0, ""near_duplicate_lexical"": 0.0, ""pronoun_ambiguity"": 0.0011, ""retrieval_failure"": 0.03665500000000001}"
E0_v9_baseline,baseline,minimax,8,0.8115,0.8115,0.0,0.6593,316,3700,False,False,0.5778,0.0593,0.4148,{}
E1_memory_count_token,memory_only,minimax,8,0.8115,0.8115,0.0,0.6593,316,3700,False,False,0.5778,0.0593,0.4148,"{""memory_count_token"": 0.0}"
E2_exact_duplicate,memory_only,minimax,8,0.8115,0.8115,0.0,0.6593,316,3700,False,False,0.5778,0.0593,0.4148,"{""exact_duplicate"": 0.0}"
E3_near_duplicate_lexical,memory_only,minimax,8,0.8115,0.8102,0.0013,0.6593,316,3700,False,False,0.5778,0.0593,0.4148,"{""near_duplicate_lexical"": 0.00126}"
E4_entity_coverage,memory_only,minimax,8,0.8115,0.7927,0.0188,0.6593,316,3700,False,False,0.5778,0.0593,0.4148,"{""entity_coverage"": 0.018750000000000003}"
E5_keyword_coverage_tfidf,memory_only,minimax,8,0.8115,0.7915,0.02,0.6593,316,3700,False,False,0.5778,0.0593,0.4148,"{""keyword_coverage_tfidf"": 0.020000000000000004}"
E6_pronoun_ambiguity,memory_only,minimax,8,0.8115,0.8115,0.0,0.6593,316,3700,False,False,0.5778,0.0593,0.4148,"{""pronoun_ambiguity"": 0.0}"
E7_answer_span_coverage,qa_aware,minimax,8,0.8115,0.7904,0.0211,0.6593,316,3700,False,False,0.5778,0.0593,0.4148,"{""answer_span_coverage"": 0.021110000000000004}"
E8_retrieval_failure,qa_aware,minimax,8,0.8115,0.7748,0.0367,0.6593,316,3700,False,False,0.5778,0.0593,0.4148,"{""retrieval_failure"": 0.03668}"
C1_memory_coverage_combo,memory_only,minimax,8,0.8115,0.7728,0.0388,0.6593,316,3700,False,False,0.5778,0.0593,0.4148,"{""entity_coverage"": 0.018750000000000003, ""keyword_coverage_tfidf"": 0.020000000000000004, ""memory_count_token"": 0.0}"
C2_efficiency_structure_combo,memory_only,minimax,8,0.8115,0.8102,0.0013,0.6593,316,3700,False,False,0.5778,0.0593,0.4148,"{""exact_duplicate"": 0.0, ""near_duplicate_lexical"": 0.00126, ""pronoun_ambiguity"": 0.0}"
C3_memory_only_all,memory_only,minimax,8,0.8115,0.7715,0.04,0.6593,316,3700,False,False,0.5778,0.0593,0.4148,"{""entity_coverage"": 0.018750000000000003, ""exact_duplicate"": 0.0, ""keyword_coverage_tfidf"": 0.020000000000000004, ""memory_count_token"": 0.0, ""near_duplicate_lexical"": 0.00126, ""pronoun_ambiguity"": 0.0}"
C4_qa_aware_all,qa_aware,minimax,8,0.8115,0.7537,0.0578,0.6593,316,3700,False,False,0.5778,0.0593,0.4148,"{""answer_span_coverage"": 0.021110000000000004, ""retrieval_failure"": 0.03668}"
C5_all_features,combined,minimax,8,0.8115,0.7137,0.0978,0.6593,316,3700,False,False,0.5778,0.0593,0.4148,"{""answer_span_coverage"": 0.021110000000000004, ""entity_coverage"": 0.018750000000000003, ""exact_duplicate"": 0.0, ""keyword_coverage_tfidf"": 0.020000000000000004, ""memory_count_token"": 0.0, ""near_duplicate_lexical"": 0.00126, ""pronoun_ambiguity"": 0.0, ""retrieval_failure"": 0.03668}"
E0_v9_baseline,baseline,minimax,9,0.8115,0.8115,0.0,0.6458,414,4831,False,False,0.7014,0.0417,0.5,{}
E1_memory_count_token,memory_only,minimax,9,0.8115,0.8115,0.0,0.6458,414,4831,False,False,0.7014,0.0417,0.5,"{""memory_count_token"": 0.0}"
E2_exact_duplicate,memory_only,minimax,9,0.8115,0.8115,0.0,0.6458,414,4831,False,False,0.7014,0.0417,0.5,"{""exact_duplicate"": 0.0}"
E3_near_duplicate_lexical,memory_only,minimax,9,0.8115,0.8115,0.0,0.6458,414,4831,False,False,0.7014,0.0417,0.5,"{""near_duplicate_lexical"": 0.0}"
E4_entity_coverage,memory_only,minimax,9,0.8115,0.799,0.0125,0.6458,414,4831,False,False,0.7014,0.0417,0.5,"{""entity_coverage"": 0.0125}"
E5_keyword_coverage_tfidf,memory_only,minimax,9,0.8115,0.799,0.0125,0.6458,414,4831,False,False,0.7014,0.0417,0.5,"{""keyword_coverage_tfidf"": 0.0125}"
E6_pronoun_ambiguity,memory_only,minimax,9,0.8115,0.8115,0.0,0.6458,414,4831,False,False,0.7014,0.0417,0.5,"{""pronoun_ambiguity"": 0.0}"
E7_answer_span_coverage,qa_aware,minimax,9,0.8115,0.7966,0.0149,0.6458,414,4831,False,False,0.7014,0.0417,0.5,"{""answer_span_coverage"": 0.014929999999999999}"
E8_retrieval_failure,qa_aware,minimax,9,0.8115,0.7806,0.0309,0.6458,414,4831,False,False,0.7014,0.0417,0.5,"{""retrieval_failure"": 0.03091}"
C1_memory_coverage_combo,memory_only,minimax,9,0.8115,0.7865,0.025,0.6458,414,4831,False,False,0.7014,0.0417,0.5,"{""entity_coverage"": 0.0125, ""keyword_coverage_tfidf"": 0.0125, ""memory_count_token"": 0.0}"
C2_efficiency_structure_combo,memory_only,minimax,9,0.8115,0.8115,0.0,0.6458,414,4831,False,False,0.7014,0.0417,0.5,"{""exact_duplicate"": 0.0, ""near_duplicate_lexical"": 0.0, ""pronoun_ambiguity"": 0.0}"
C3_memory_only_all,memory_only,minimax,9,0.8115,0.7865,0.025,0.6458,414,4831,False,False,0.7014,0.0417,0.5,"{""entity_coverage"": 0.0125, ""exact_duplicate"": 0.0, ""keyword_coverage_tfidf"": 0.0125, ""memory_count_token"": 0.0, ""near_duplicate_lexical"": 0.0, ""pronoun_ambiguity"": 0.0}"
C4_qa_aware_all,qa_aware,minimax,9,0.8115,0.7657,0.0458,0.6458,414,4831,False,False,0.7014,0.0417,0.5,"{""answer_span_coverage"": 0.014929999999999999, ""retrieval_failure"": 0.03091}"
C5_all_features,combined,minimax,9,0.8115,0.7407,0.0708,0.6458,414,4831,False,False,0.7014,0.0417,0.5,"{""answer_span_coverage"": 0.014929999999999999, ""entity_coverage"": 0.0125, ""exact_duplicate"": 0.0, ""keyword_coverage_tfidf"": 0.0125, ""memory_count_token"": 0.0, ""near_duplicate_lexical"": 0.0, ""pronoun_ambiguity"": 0.0, ""retrieval_failure"": 0.03091}"
